change_id,batch_date,source,company_name,title,change_type,changed_fields,occurred_at
772,2026-10-11,smartrecruiters_freshworks,FRESHWORKS,Lead - Solutions Engineer (Verticals),UPDATED,"{""location"": {""from"": ""Boston, US"", ""to"": ""New York, US""}}",2026-10-10 19:01:38.357836
771,2026-10-10,greenhouse_razorpay,RAZORPAY SOFTWARE PRIVATE LIMITED,"Associate Manager, Partnerships ",CLOSED,"{""status"": {""from"": ""open"", ""to"": ""closed""}}",2026-10-09 19:02:07.960520
770,2026-10-10,greenhouse_razorpay,RAZORPAY SOFTWARE PRIVATE LIMITED,Senior Product Manager,CLOSED,"{""status"": {""from"": ""open"", ""to"": ""closed""}}",2026-10-09 19:02:07.960520
769,2026-10-10,greenhouse_razorpay,RAZORPAY SOFTWARE PRIVATE LIMITED,Senior Solutions Consultant,CLOSED,"{""status"": {""from"": ""open"", ""to"": ""closed""}}",2026-10-09 19:02:07.960520
768,2026-10-10,smartrecruiters_freshworks,FRESHWORKS,Account Executive - Enterprise (SLED),UPDATED,"{""location"": {""from"": ""Dallas, US"", ""to"": ""Austin, US""}}",2026-10-09 19:02:07.960520
767,2026-10-10,lever_zeta,ZETA,Manager Data Reliability Engineering,UPDATED,"{""title"": {""from"": ""Lead / Manager Data Reliability Engineering"", ""to"": ""Manager Data Reliability Engineering""}}",2026-10-09 19:02:07.960520
766,2026-10-10,greenhouse_razorpay,RAZORPAY SOFTWARE PRIVATE LIMITED,"Senior Associate, HRBP Operations (Contract Role)",UPDATED,"{""title"": {""from"": ""Senior Associate, HRBP Operations"", ""to"": ""Senior Associate, HRBP Operations (Contract Role)""}, ""updated_at"": {""from"": ""2026-10-07T04:14:51-04:00"", ""to"": ""2026-10-09T05:28:37-04:00""}}",2026-10-09 19:02:07.960520
765,2026-10-10,greenhouse_razorpay,RAZORPAY SOFTWARE PRIVATE LIMITED,"Manager, Cross Border",NEW,,2026-10-09 19:02:07.960520
764,2026-10-10,greenhouse_razorpay,RAZORPAY SOFTWARE PRIVATE LIMITED,"Analyst, Banking Alliances",UPDATED,"{""updated_at"": {""from"": ""2026-10-08T09:10:53-04:00"", ""to"": ""2026-10-09T04:59:36-04:00""}}",2026-10-09 19:02:07.960520
763,2026-10-10,greenhouse_razorpay,RAZORPAY SOFTWARE PRIVATE LIMITED," Analyst, Banking Alliances ",NEW,,2026-10-09 19:02:07.960520
762,2026-10-09,greenhouse_razorpay,RAZORPAY SOFTWARE PRIVATE LIMITED,Engineering Manager,CLOSED,"{""status"": {""from"": ""open"", ""to"": ""closed""}}",2026-10-08 19:02:19.443910
761,2026-10-09,greenhouse_razorpay,RAZORPAY SOFTWARE PRIVATE LIMITED,Product Manager II,CLOSED,"{""status"": {""from"": ""open"", ""to"": ""closed""}}",2026-10-08 19:02:19.443910
760,2026-10-09,greenhouse_razorpay,RAZORPAY SOFTWARE PRIVATE LIMITED,"Associate, Mid Market Sales",CLOSED,"{""status"": {""from"": ""open"", ""to"": ""closed""}}",2026-10-08 19:02:19.443910
759,2026-10-09,smartrecruiters_freshworks,FRESHWORKS,Lead - Account Manager,CLOSED,"{""status"": {""from"": ""open"", ""to"": ""closed""}}",2026-10-08 19:02:19.443910
758,2026-10-09,greenhouse_razorpay,RAZORPAY SOFTWARE PRIVATE LIMITED,Product Manager II,CLOSED,"{""status"": {""from"": ""open"", ""to"": ""closed""}}",2026-10-08 19:02:19.443910
757,2026-10-09,greenhouse_razorpay,RAZORPAY SOFTWARE PRIVATE LIMITED,Product Manager II - Ads ,CLOSED,"{""status"": {""from"": ""open"", ""to"": ""closed""}}",2026-10-08 19:02:19.443910
756,2026-10-09,smartrecruiters_freshworks,FRESHWORKS,Account Executive - Enterprise ,CLOSED,"{""status"": {""from"": ""open"", ""to"": ""closed""}}",2026-10-08 19:02:19.443910
755,2026-10-09,lever_zeta,ZETA,Lead Site Reliability Engineer,CLOSED,"{""status"": {""from"": ""open"", ""to"": ""closed""}}",2026-10-08 19:02:19.443910
754,2026-10-09,greenhouse_razorpay,RAZORPAY SOFTWARE PRIVATE LIMITED,Product Manager II,CLOSED,"{""status"": {""from"": ""open"", ""to"": ""closed""}}",2026-10-08 19:02:19.443910
753,2026-10-09,smartrecruiters_freshworks,FRESHWORKS,Staff Engineer - Full Stack,NEW,,2026-10-08 19:02:19.443910
752,2026-10-09,smartrecruiters_freshworks,FRESHWORKS,Lead Software Engineer - Systems,NEW,,2026-10-08 19:02:19.443910
751,2026-10-09,greenhouse_razorpay,RAZORPAY SOFTWARE PRIVATE LIMITED,"Senior Territory Manager, Bank Retail & Direct Enterprise Sales",UPDATED,"{""updated_at"": {""from"": ""2026-09-28T07:02:10-04:00"", ""to"": ""2026-10-08T07:13:46-04:00""}}",2026-10-08 19:02:19.443910
750,2026-10-09,greenhouse_razorpay,RAZORPAY SOFTWARE PRIVATE LIMITED,Lead Communication Designer,NEW,,2026-10-08 19:02:19.443910
749,2026-10-09,greenhouse_razorpay,RAZORPAY SOFTWARE PRIVATE LIMITED,"Junior Analyst, Risk Management ",NEW,,2026-10-08 19:02:19.443910
748,2026-10-09,greenhouse_razorpay,RAZORPAY SOFTWARE PRIVATE LIMITED,"Assistant Manager, Vigilance",NEW,,2026-10-08 19:02:19.443910
747,2026-10-09,greenhouse_razorpay,RAZORPAY SOFTWARE PRIVATE LIMITED,"Analyst, Banking Alliances",NEW,,2026-10-08 19:02:19.443910
746,2026-10-08,greenhouse_razorpay,RAZORPAY SOFTWARE PRIVATE LIMITED,Senior Software Development Engineer,CLOSED,"{""status"": {""from"": ""open"", ""to"": ""closed""}}",2026-10-07 19:01:39.891551
745,2026-10-08,greenhouse_razorpay,RAZORPAY SOFTWARE PRIVATE LIMITED,"Analyst, Financial Operations",CLOSED,"{""status"": {""from"": ""open"", ""to"": ""closed""}}",2026-10-07 19:01:39.891551
744,2026-10-08,smartrecruiters_freshworks,FRESHWORKS,Business Development Manager,CLOSED,"{""status"": {""from"": ""open"", ""to"": ""closed""}}",2026-10-07 19:01:39.891551
743,2026-10-08,smartrecruiters_freshworks,FRESHWORKS,Director - GTM Systems Architecture,CLOSED,"{""status"": {""from"": ""open"", ""to"": ""closed""}}",2026-10-07 19:01:39.891551
742,2026-10-08,smartrecruiters_freshworks,FRESHWORKS,Account Executive - Enterprise ,CLOSED,"{""status"": {""from"": ""open"", ""to"": ""closed""}}",2026-10-07 19:01:39.891551
741,2026-10-08,smartrecruiters_freshworks,FRESHWORKS,Business Development Manager,NEW,,2026-10-07 19:01:39.891551
740,2026-10-08,smartrecruiters_freshworks,FRESHWORKS,Business Development Manager,NEW,,2026-10-07 19:01:39.891551
739,2026-10-08,smartrecruiters_freshworks,FRESHWORKS,Lead - Workplace Management (Travel & Transport Operations),NEW,,2026-10-07 19:01:39.891551
738,2026-10-08,greenhouse_razorpay,RAZORPAY SOFTWARE PRIVATE LIMITED,"Senior Associate, Learning Business Partner",NEW,,2026-10-07 19:01:39.891551
737,2026-10-08,greenhouse_razorpay,RAZORPAY SOFTWARE PRIVATE LIMITED,"Senior Associate, HRBP Operations",NEW,,2026-10-07 19:01:39.891551
736,2026-10-08,greenhouse_razorpay,RAZORPAY SOFTWARE PRIVATE LIMITED,"Group Manager, Banking Alliance",NEW,,2026-10-07 19:01:39.891551
735,2026-10-08,greenhouse_razorpay,RAZORPAY SOFTWARE PRIVATE LIMITED,"Associate Manager, Partnerships ",NEW,,2026-10-07 19:01:39.891551
734,2026-10-08,greenhouse_razorpay,RAZORPAY SOFTWARE PRIVATE LIMITED,"Associate Manager, Mid Market Sales",UPDATED,"{""updated_at"": {""from"": ""2026-09-28T07:02:10-04:00"", ""to"": ""2026-10-07T07:57:14-04:00""}}",2026-10-07 19:01:39.891551
733,2026-10-08,greenhouse_razorpay,RAZORPAY SOFTWARE PRIVATE LIMITED,"Analyst, Risk Management ",NEW,,2026-10-07 19:01:39.891551
732,2026-10-08,greenhouse_razorpay,RAZORPAY SOFTWARE PRIVATE LIMITED,"Analyst, Banking Alliances",NEW,,2026-10-07 19:01:39.891551
731,2026-10-07,smartrecruiters_freshworks,FRESHWORKS,Lead - Solution Engineer,CLOSED,"{""status"": {""from"": ""open"", ""to"": ""closed""}}",2026-10-06 19:03:13.670521
730,2026-10-07,smartrecruiters_freshworks,FRESHWORKS,Specialist - Content Creation,CLOSED,"{""status"": {""from"": ""open"", ""to"": ""closed""}}",2026-10-06 19:03:13.670521
729,2026-10-07,smartrecruiters_freshworks,FRESHWORKS,Senior Director - Business Execution,CLOSED,"{""status"": {""from"": ""open"", ""to"": ""closed""}}",2026-10-06 19:03:13.670521
728,2026-10-07,smartrecruiters_freshworks,FRESHWORKS,"Vice President, Corporate Legal & Compliance ",NEW,,2026-10-06 19:03:13.670521
727,2026-10-07,smartrecruiters_freshworks,FRESHWORKS,Commercial Sales Director,NEW,,2026-10-06 19:03:13.670521
726,2026-10-07,smartrecruiters_freshworks,FRESHWORKS,Commercial Sales Director,NEW,,2026-10-06 19:03:13.670521
725,2026-10-07,greenhouse_razorpay,RAZORPAY SOFTWARE PRIVATE LIMITED,Site Reliability Engineer,NEW,,2026-10-06 19:03:13.670521
724,2026-10-07,greenhouse_razorpay,RAZORPAY SOFTWARE PRIVATE LIMITED,Senior Software Development Engineer,NEW,,2026-10-06 19:03:13.670521
723,2026-10-07,greenhouse_razorpay,RAZORPAY SOFTWARE PRIVATE LIMITED,Senior Product Manager,NEW,,2026-10-06 19:03:13.670521
722,2026-10-07,greenhouse_razorpay,RAZORPAY SOFTWARE PRIVATE LIMITED,Product Manager II,NEW,,2026-10-06 19:03:13.670521
721,2026-10-07,greenhouse_razorpay,RAZORPAY SOFTWARE PRIVATE LIMITED,Product Manager II,UPDATED,"{""title"": {""from"": ""Product Manager II - AI "", ""to"": ""Product Manager II""}, ""updated_at"": {""from"": ""2026-09-28T07:02:10-04:00"", ""to"": ""2026-10-06T06:56:48-04:00""}}",2026-10-06 19:03:13.670521
720,2026-10-07,greenhouse_razorpay,RAZORPAY SOFTWARE PRIVATE LIMITED,Forward Deployed Engineer,NEW,,2026-10-06 19:03:13.670521
719,2026-10-07,greenhouse_razorpay,RAZORPAY SOFTWARE PRIVATE LIMITED,"Analyst, Financial Operations",NEW,,2026-10-06 19:03:13.670521
718,2026-10-06,smartrecruiters_freshworks,FRESHWORKS,Lead - Business Analyst,CLOSED,"{""status"": {""from"": ""open"", ""to"": ""closed""}}",2026-10-05 19:02:02.186767
717,2026-10-06,smartrecruiters_freshworks,FRESHWORKS,Lead - Program Management,CLOSED,"{""status"": {""from"": ""open"", ""to"": ""closed""}}",2026-10-05 19:02:02.186767
716,2026-10-06,greenhouse_razorpay,RAZORPAY SOFTWARE PRIVATE LIMITED,"Manager, Enterprise Partnership",CLOSED,"{""status"": {""from"": ""open"", ""to"": ""closed""}}",2026-10-05 19:02:02.186767
715,2026-10-06,greenhouse_razorpay,RAZORPAY SOFTWARE PRIVATE LIMITED,Technical Account Manager,CLOSED,"{""status"": {""from"": ""open"", ""to"": ""closed""}}",2026-10-05 19:02:02.186767
714,2026-10-06,smartrecruiters_freshworks,FRESHWORKS,Lead - Sales Commission,NEW,,2026-10-05 19:02:02.186767
713,2026-10-06,smartrecruiters_freshworks,FRESHWORKS,Lead - Program Management,NEW,,2026-10-05 19:02:02.186767
712,2026-10-04,smartrecruiters_freshworks,FRESHWORKS,Global Head of Partner Strategy & Operations,CLOSED,"{""status"": {""from"": ""open"", ""to"": ""closed""}}",2026-10-03 19:01:41.397062
711,2026-10-04,smartrecruiters_freshworks,FRESHWORKS,Global Head of Partner Strategy & Operations,CLOSED,"{""status"": {""from"": ""open"", ""to"": ""closed""}}",2026-10-03 19:01:41.397062
710,2026-10-04,smartrecruiters_freshworks,FRESHWORKS,Lead - Solution Engineer,NEW,,2026-10-03 19:01:41.397062
709,2026-10-04,smartrecruiters_freshworks,FRESHWORKS,Specialist - Content Creation,NEW,,2026-10-03 19:01:41.397062
708,2026-10-02,smartrecruiters_freshworks,FRESHWORKS,Lead - Business Systems Services (Workday Technical Lead),CLOSED,"{""status"": {""from"": ""open"", ""to"": ""closed""}}",2026-10-02 11:57:44.940309
707,2026-10-02,greenhouse_razorpay,RAZORPAY SOFTWARE PRIVATE LIMITED,Site Reliability Engineer,CLOSED,"{""status"": {""from"": ""open"", ""to"": ""closed""}}",2026-10-02 11:57:44.940309
706,2026-10-02,smartrecruiters_freshworks,FRESHWORKS,Lead - Solution Engineer,CLOSED,"{""status"": {""from"": ""open"", ""to"": ""closed""}}",2026-10-02 11:57:44.940309
705,2026-10-02,smartrecruiters_freshworks,FRESHWORKS,Lead - Solution Engineer,CLOSED,"{""status"": {""from"": ""open"", ""to"": ""closed""}}",2026-10-02 11:57:44.940309
704,2026-10-02,smartrecruiters_freshworks,FRESHWORKS,Customer Success Manager — Key & Enterprise,CLOSED,"{""status"": {""from"": ""open"", ""to"": ""closed""}}",2026-10-02 11:57:44.940309
703,2026-10-02,greenhouse_razorpay,RAZORPAY SOFTWARE PRIVATE LIMITED,"Senior Analyst, Group Compliance",CLOSED,"{""status"": {""from"": ""open"", ""to"": ""closed""}}",2026-10-02 11:57:44.940309
702,2026-10-02,smartrecruiters_freshworks,FRESHWORKS,Specialist - Content Creation,CLOSED,"{""status"": {""from"": ""open"", ""to"": ""closed""}}",2026-10-02 11:57:44.940309
701,2026-10-02,smartrecruiters_freshworks,FRESHWORKS,Senior Business Development Manager,CLOSED,"{""status"": {""from"": ""open"", ""to"": ""closed""}}",2026-10-02 11:57:44.940309
700,2026-10-02,smartrecruiters_freshworks,FRESHWORKS,Lead - Account Executive,NEW,,2026-10-02 11:57:44.940309
699,2026-10-02,smartrecruiters_freshworks,FRESHWORKS,Enterprise Account Executive,NEW,,2026-10-02 11:57:44.940309
698,2026-10-02,smartrecruiters_freshworks,FRESHWORKS,Principal Engineer - Machine Learning,NEW,,2026-10-02 11:57:44.940309
697,2026-10-02,smartrecruiters_freshworks,FRESHWORKS,Principal Engineer - Machine Learning,NEW,,2026-10-02 11:57:44.940309
696,2026-10-02,smartrecruiters_freshworks,FRESHWORKS,Lead Customer Success Manager,NEW,,2026-10-02 11:57:44.940309
695,2026-10-02,smartrecruiters_freshworks,FRESHWORKS,Lead Customer Success Manager,NEW,,2026-10-02 11:57:44.940309
694,2026-10-02,lever_zeta,ZETA,Product Manager II,NEW,,2026-10-02 11:57:44.940309
693,2026-10-02,greenhouse_razorpay,RAZORPAY SOFTWARE PRIVATE LIMITED,"Manager, Banking Solutions",UPDATED,"{""updated_at"": {""from"": ""2026-09-29T01:01:43-04:00"", ""to"": ""2026-10-01T06:12:07-04:00""}}",2026-10-02 11:57:44.940309
692,2026-10-02,greenhouse_razorpay,RAZORPAY SOFTWARE PRIVATE LIMITED,Engineering Manager,NEW,,2026-10-02 11:57:44.940309
691,2026-10-01,smartrecruiters_freshworks,FRESHWORKS,Lead - Procurement Systems,CLOSED,"{""status"": {""from"": ""open"", ""to"": ""closed""}}",2026-10-01 03:22:23.165761
690,2026-10-01,smartrecruiters_freshworks,FRESHWORKS,Director - Demand Generation,CLOSED,"{""status"": {""from"": ""open"", ""to"": ""closed""}}",2026-10-01 03:22:23.165761
689,2026-10-01,smartrecruiters_freshworks,FRESHWORKS,Director - Demand Generation,CLOSED,"{""status"": {""from"": ""open"", ""to"": ""closed""}}",2026-10-01 03:22:23.165761
688,2026-10-01,greenhouse_razorpay,RAZORPAY SOFTWARE PRIVATE LIMITED,Engineering Manager ,CLOSED,"{""status"": {""from"": ""open"", ""to"": ""closed""}}",2026-10-01 03:22:23.165761
687,2026-10-01,smartrecruiters_freshworks,FRESHWORKS,Lead - Business Analyst (EX SMB),CLOSED,"{""status"": {""from"": ""open"", ""to"": ""closed""}}",2026-10-01 03:22:23.165761
686,2026-10-01,smartrecruiters_freshworks,FRESHWORKS,Lead Account Executive (Spanish speaking),CLOSED,"{""status"": {""from"": ""open"", ""to"": ""closed""}}",2026-10-01 03:22:23.165761
685,2026-10-01,smartrecruiters_freshworks,FRESHWORKS,Lead - Account Executive(Benelux and Nordics),NEW,,2026-10-01 03:22:23.165761
684,2026-10-01,smartrecruiters_freshworks,FRESHWORKS,Director - Demand Generation,NEW,,2026-10-01 03:22:23.165761
683,2026-10-01,smartrecruiters_freshworks,FRESHWORKS,Director - Demand Generation,NEW,,2026-10-01 03:22:23.165761
682,2026-10-01,smartrecruiters_freshworks,FRESHWORKS,Staff Engineer - Machine Learning,NEW,,2026-10-01 03:22:23.165761
681,2026-10-01,smartrecruiters_freshworks,FRESHWORKS,Lead - Account Manager(Italian and Spanish Speaking),NEW,,2026-10-01 03:22:23.165761
680,2026-10-01,lever_zeta,ZETA,Manager - Talent Management,UPDATED,"{""location"": {""from"": ""Bengaluru, India"", ""to"": ""Hyderabad, India""}}",2026-10-01 03:22:23.165761
679,2026-09-30,greenhouse_razorpay,RAZORPAY SOFTWARE PRIVATE LIMITED,"Analyst, Risk Management",CLOSED,"{""status"": {""from"": ""open"", ""to"": ""closed""}}",2026-09-29 23:57:05.116265
678,2026-09-30,smartrecruiters_freshworks,FRESHWORKS,Lead - Channel Sales,CLOSED,"{""status"": {""from"": ""open"", ""to"": ""closed""}}",2026-09-29 23:57:05.116265
677,2026-09-30,smartrecruiters_freshworks,FRESHWORKS,Senior Account Manager (EX Top Tier - North America),CLOSED,"{""status"": {""from"": ""open"", ""to"": ""closed""}}",2026-09-29 23:57:05.116265
676,2026-09-30,greenhouse_razorpay,RAZORPAY SOFTWARE PRIVATE LIMITED,"Executive, Finance",CLOSED,"{""status"": {""from"": ""open"", ""to"": ""closed""}}",2026-09-29 23:57:05.116265
675,2026-09-30,greenhouse_razorpay,RAZORPAY SOFTWARE PRIVATE LIMITED,"Associate, Learning Business Partner",CLOSED,"{""status"": {""from"": ""open"", ""to"": ""closed""}}",2026-09-29 23:57:05.116265
674,2026-09-30,greenhouse_razorpay,RAZORPAY SOFTWARE PRIVATE LIMITED,"Executive, Finance",CLOSED,"{""status"": {""from"": ""open"", ""to"": ""closed""}}",2026-09-29 23:57:05.116265
673,2026-09-30,smartrecruiters_freshworks,FRESHWORKS,"Senior Manager, Corporate Strategy",CLOSED,"{""status"": {""from"": ""open"", ""to"": ""closed""}}",2026-09-29 23:57:05.116265
672,2026-09-30,smartrecruiters_freshworks,FRESHWORKS,Lead - Procurement Systems,NEW,,2026-09-29 23:57:05.116265
671,2026-09-30,smartrecruiters_freshworks,FRESHWORKS,Lead - Business Systems Services (Workday Technical Lead),NEW,,2026-09-29 23:57:05.116265
670,2026-09-30,smartrecruiters_freshworks,FRESHWORKS,Lead - Channel Sales,NEW,,2026-09-29 23:57:05.116265
669,2026-09-30,greenhouse_razorpay,RAZORPAY SOFTWARE PRIVATE LIMITED,Product Manager II,NEW,,2026-09-29 23:57:05.116265
668,2026-09-30,greenhouse_razorpay,RAZORPAY SOFTWARE PRIVATE LIMITED,"Manager, Banking Solutions",NEW,,2026-09-29 23:57:05.116265
667,2026-09-30,greenhouse_razorpay,RAZORPAY SOFTWARE PRIVATE LIMITED,"Group Manager, Banking Solutions",NEW,,2026-09-29 23:57:05.116265
666,2026-09-29,smartrecruiters_freshworks,FRESHWORKS,Senior Staff Engineer - Systems,CLOSED,"{""status"": {""from"": ""open"", ""to"": ""closed""}}",2026-09-29 00:45:49.554538
665,2026-09-29,greenhouse_razorpay,RAZORPAY SOFTWARE PRIVATE LIMITED,"Associate Manager, HRBP",CLOSED,"{""status"": {""from"": ""open"", ""to"": ""closed""}}",2026-09-29 00:45:49.554538
664,2026-09-29,smartrecruiters_freshworks,FRESHWORKS,Manager - Business Development (m/f/d),CLOSED,"{""status"": {""from"": ""open"", ""to"": ""closed""}}",2026-09-29 00:45:49.554538
663,2026-09-29,greenhouse_razorpay,RAZORPAY SOFTWARE PRIVATE LIMITED,"Analyst, Business Operations",CLOSED,"{""status"": {""from"": ""open"", ""to"": ""closed""}}",2026-09-29 00:45:49.554538
662,2026-09-29,smartrecruiters_freshworks,FRESHWORKS,Lead Software Engineer - Systems,CLOSED,"{""status"": {""from"": ""open"", ""to"": ""closed""}}",2026-09-29 00:45:49.554538
661,2026-09-29,lever_cred,CRED,regional collection manager bangalore - flows,CLOSED,"{""status"": {""from"": ""open"", ""to"": ""closed""}}",2026-09-29 00:45:49.554538
660,2026-09-29,lever_cred,CRED,"area collections manager, pune (recoveries)",CLOSED,"{""status"": {""from"": ""open"", ""to"": ""closed""}}",2026-09-29 00:45:49.554538
659,2026-09-29,lever_cred,CRED,area collections manager hyderabad -flows,CLOSED,"{""status"": {""from"": ""open"", ""to"": ""closed""}}",2026-09-29 00:45:49.554538
658,2026-09-29,lever_cred,CRED,area collections manager chennai- flows,CLOSED,"{""status"": {""from"": ""open"", ""to"": ""closed""}}",2026-09-29 00:45:49.554538
657,2026-09-29,lever_cred,CRED,area collections manager bangalore -flows,CLOSED,"{""status"": {""from"": ""open"", ""to"": ""closed""}}",2026-09-29 00:45:49.554538
656,2026-09-29,greenhouse_razorpay,RAZORPAY SOFTWARE PRIVATE LIMITED,"Associate Manager, Startup Accounts",CLOSED,"{""status"": {""from"": ""open"", ""to"": ""closed""}}",2026-09-29 00:45:49.554538
655,2026-09-29,smartrecruiters_freshworks,FRESHWORKS,Lead - Business Analyst (Marketing Analytics) ,NEW,,2026-09-29 00:45:49.554538
654,2026-09-29,smartrecruiters_freshworks,FRESHWORKS,Lead - Business Analyst,NEW,,2026-09-29 00:45:49.554538
653,2026-09-29,smartrecruiters_freshworks,FRESHWORKS,Corporate Strategy Manager (Consulting & Strategy),NEW,,2026-09-29 00:45:49.554538
652,2026-09-29,lever_zeta,ZETA,Manager Site Reliability Engineer,NEW,,2026-09-29 00:45:49.554538
651,2026-09-29,lever_zeta,ZETA,Manager – People Tech & Transformation,UPDATED,"{""title"": {""from"": ""Specialist / Manager – People Tech & Transformation"", ""to"": ""Manager – People Tech & Transformation""}}",2026-09-29 00:45:49.554538
650,2026-09-29,lever_zeta,ZETA,Manager - Talent Management,NEW,,2026-09-29 00:45:49.554538
649,2026-09-29,lever_cred,CRED,accounts payable manager,NEW,,2026-09-29 00:45:49.554538
648,2026-09-29,greenhouse_razorpay,RAZORPAY SOFTWARE PRIVATE LIMITED,Technical Account Manager ,NEW,,2026-09-29 00:45:49.554538
647,2026-09-29,greenhouse_razorpay,RAZORPAY SOFTWARE PRIVATE LIMITED,Technical Account Manager,UPDATED,"{""updated_at"": {""from"": ""2026-07-21T02:29:07-04:00"", ""to"": ""2026-09-28T07:02:10-04:00""}}",2026-09-29 00:45:49.554538
646,2026-09-29,greenhouse_razorpay,RAZORPAY SOFTWARE PRIVATE LIMITED,Solutions Consultant,UPDATED,"{""updated_at"": {""from"": ""2026-08-06T02:20:46-04:00"", ""to"": ""2026-09-28T07:02:10-04:00""}}",2026-09-29 00:45:49.554538
645,2026-09-29,greenhouse_razorpay,RAZORPAY SOFTWARE PRIVATE LIMITED,Site Reliability Engineer,UPDATED,"{""updated_at"": {""from"": ""2026-09-24T13:20:27-04:00"", ""to"": ""2026-09-28T07:02:10-04:00""}}",2026-09-29 00:45:49.554538
644,2026-09-29,greenhouse_razorpay,RAZORPAY SOFTWARE PRIVATE LIMITED,"Senior Territory Manager, Bank Retail & Direct Enterprise Sales",UPDATED,"{""updated_at"": {""from"": ""2026-09-22T03:16:08-04:00"", ""to"": ""2026-09-28T07:02:10-04:00""}}",2026-09-29 00:45:49.554538
643,2026-09-29,greenhouse_razorpay,RAZORPAY SOFTWARE PRIVATE LIMITED,Senior Solutions Consultant,UPDATED,"{""updated_at"": {""from"": ""2026-09-21T03:13:10-04:00"", ""to"": ""2026-09-28T07:02:10-04:00""}}",2026-09-29 00:45:49.554538
642,2026-09-29,greenhouse_razorpay,RAZORPAY SOFTWARE PRIVATE LIMITED,"Senior Manager, Social Media Marketing",UPDATED,"{""updated_at"": {""from"": ""2026-09-24T07:53:05-04:00"", ""to"": ""2026-09-28T07:02:10-04:00""}}",2026-09-29 00:45:49.554538
641,2026-09-29,greenhouse_razorpay,RAZORPAY SOFTWARE PRIVATE LIMITED,"Senior Manager, Sales",UPDATED,"{""updated_at"": {""from"": ""2026-09-10T03:30:40-04:00"", ""to"": ""2026-09-28T07:02:10-04:00""}}",2026-09-29 00:45:49.554538
640,2026-09-29,greenhouse_razorpay,RAZORPAY SOFTWARE PRIVATE LIMITED,"Senior Executive, Finance",UPDATED,"{""updated_at"": {""from"": ""2026-09-09T05:55:43-04:00"", ""to"": ""2026-09-28T07:02:10-04:00""}}",2026-09-29 00:45:49.554538
639,2026-09-29,greenhouse_razorpay,RAZORPAY SOFTWARE PRIVATE LIMITED,"Senior Analyst, Group Compliance",UPDATED,"{""updated_at"": {""from"": ""2026-09-18T02:59:13-04:00"", ""to"": ""2026-09-28T07:02:10-04:00""}}",2026-09-29 00:45:49.554538
638,2026-09-29,greenhouse_razorpay,RAZORPAY SOFTWARE PRIVATE LIMITED,Product Manager II - AI ,UPDATED,"{""updated_at"": {""from"": ""2026-09-22T09:52:50-04:00"", ""to"": ""2026-09-28T07:02:10-04:00""}}",2026-09-29 00:45:49.554538
637,2026-09-29,greenhouse_razorpay,RAZORPAY SOFTWARE PRIVATE LIMITED,Product Manager II - Ads ,UPDATED,"{""updated_at"": {""from"": ""2026-09-07T00:34:00-04:00"", ""to"": ""2026-09-28T07:02:10-04:00""}}",2026-09-29 00:45:49.554538
636,2026-09-29,greenhouse_razorpay,RAZORPAY SOFTWARE PRIVATE LIMITED,"Manager, Enterprise Partnership",UPDATED,"{""updated_at"": {""from"": ""2026-09-25T01:54:30-04:00"", ""to"": ""2026-09-28T07:02:10-04:00""}}",2026-09-29 00:45:49.554538
635,2026-09-29,greenhouse_razorpay,RAZORPAY SOFTWARE PRIVATE LIMITED,"Manager, Banking Alliances",UPDATED,"{""updated_at"": {""from"": ""2026-08-26T05:36:49-04:00"", ""to"": ""2026-09-28T07:02:10-04:00""}}",2026-09-29 00:45:49.554538
634,2026-09-29,greenhouse_razorpay,RAZORPAY SOFTWARE PRIVATE LIMITED,"Manager, Affordability",UPDATED,"{""updated_at"": {""from"": ""2026-07-21T02:29:07-04:00"", ""to"": ""2026-09-28T07:02:10-04:00""}}",2026-09-29 00:45:49.554538
633,2026-09-29,greenhouse_razorpay,RAZORPAY SOFTWARE PRIVATE LIMITED,"Manager, AEO",UPDATED,"{""updated_at"": {""from"": ""2026-09-01T02:49:18-04:00"", ""to"": ""2026-09-28T07:02:10-04:00""}}",2026-09-29 00:45:49.554538
632,2026-09-29,greenhouse_razorpay,RAZORPAY SOFTWARE PRIVATE LIMITED,"Executive, Finance",UPDATED,"{""updated_at"": {""from"": ""2026-09-21T07:23:40-04:00"", ""to"": ""2026-09-28T07:02:10-04:00""}}",2026-09-29 00:45:49.554538
631,2026-09-29,greenhouse_razorpay,RAZORPAY SOFTWARE PRIVATE LIMITED,"Executive, Finance",UPDATED,"{""updated_at"": {""from"": ""2026-09-25T04:43:56-04:00"", ""to"": ""2026-09-28T07:02:10-04:00""}}",2026-09-29 00:45:49.554538
630,2026-09-29,greenhouse_razorpay,RAZORPAY SOFTWARE PRIVATE LIMITED,Engineering Manager ,UPDATED,"{""updated_at"": {""from"": ""2026-09-20T04:07:16-04:00"", ""to"": ""2026-09-28T07:02:10-04:00""}}",2026-09-29 00:45:49.554538
629,2026-09-29,greenhouse_razorpay,RAZORPAY SOFTWARE PRIVATE LIMITED,DevOps Enginer,UPDATED,"{""updated_at"": {""from"": ""2026-09-03T05:17:10-04:00"", ""to"": ""2026-09-28T07:02:10-04:00""}}",2026-09-29 00:45:49.554538
628,2026-09-29,greenhouse_razorpay,RAZORPAY SOFTWARE PRIVATE LIMITED,"Associate, Mid Market Sales",UPDATED,"{""updated_at"": {""from"": ""2026-09-21T02:21:22-04:00"", ""to"": ""2026-09-28T07:02:10-04:00""}}",2026-09-29 00:45:49.554538
627,2026-09-29,greenhouse_razorpay,RAZORPAY SOFTWARE PRIVATE LIMITED,"Associate Manager, Mid Market Sales",UPDATED,"{""updated_at"": {""from"": ""2026-09-25T08:07:01-04:00"", ""to"": ""2026-09-28T07:02:10-04:00""}}",2026-09-29 00:45:49.554538
626,2026-09-29,greenhouse_razorpay,RAZORPAY SOFTWARE PRIVATE LIMITED,"Associate, Learning Business Partner",UPDATED,"{""updated_at"": {""from"": ""2026-09-08T05:52:49-04:00"", ""to"": ""2026-09-28T07:02:10-04:00""}}",2026-09-29 00:45:49.554538
625,2026-09-29,greenhouse_razorpay,RAZORPAY SOFTWARE PRIVATE LIMITED,"Analyst, Risk Management",NEW,,2026-09-29 00:45:49.554538
624,2026-09-28,greenhouse_razorpay,RAZORPAY SOFTWARE PRIVATE LIMITED,Technical Account Manager ,CLOSED,"{""status"": {""from"": ""open"", ""to"": ""closed""}}",2026-09-28 01:39:48.329425
623,2026-09-27,greenhouse_razorpay,RAZORPAY SOFTWARE PRIVATE LIMITED,Technical Account Manager ,NEW,,2026-09-27 02:59:28.737740
622,2026-09-26,smartrecruiters_freshworks,FRESHWORKS,Lead - Business Systems Services (Workday Technical Lead),CLOSED,"{""status"": {""from"": ""open"", ""to"": ""closed""}}",2026-09-26 04:13:05.874221
621,2026-09-26,greenhouse_razorpay,RAZORPAY SOFTWARE PRIVATE LIMITED,Senior Business Analyst,CLOSED,"{""status"": {""from"": ""open"", ""to"": ""closed""}}",2026-09-26 04:13:05.874221
620,2026-09-26,smartrecruiters_freshworks,FRESHWORKS,Advisory Account Manager,CLOSED,"{""status"": {""from"": ""open"", ""to"": ""closed""}}",2026-09-26 04:13:05.874221
619,2026-09-26,smartrecruiters_freshworks,FRESHWORKS,Lead - Business Analyst (Salesforce) ,CLOSED,"{""status"": {""from"": ""open"", ""to"": ""closed""}}",2026-09-26 04:13:05.874221
618,2026-09-26,smartrecruiters_freshworks,FRESHWORKS,Lead Software Engineer - Site Reliability,NEW,,2026-09-26 04:13:05.874221
617,2026-09-26,smartrecruiters_freshworks,FRESHWORKS,Lead - Solution Engineer,NEW,,2026-09-26 04:13:05.874221
616,2026-09-26,smartrecruiters_freshworks,FRESHWORKS,Lead - Program Management,NEW,,2026-09-26 04:13:05.874221
615,2026-09-26,lever_zeta,ZETA,"Director – Enterprise Applications, Integration, AI & IT Infrastructure",NEW,,2026-09-26 04:13:05.874221
614,2026-09-26,greenhouse_razorpay,RAZORPAY SOFTWARE PRIVATE LIMITED,"Manager, Enterprise Partnership",UPDATED,"{""location"": {""from"": ""Gurugram, India"", ""to"": ""Mumbai, India""}, ""updated_at"": {""from"": ""2026-09-24T01:10:03-04:00"", ""to"": ""2026-09-25T01:54:30-04:00""}}",2026-09-26 04:13:05.874221
613,2026-09-26,greenhouse_razorpay,RAZORPAY SOFTWARE PRIVATE LIMITED,"Executive, Finance",NEW,,2026-09-26 04:13:05.874221
612,2026-09-26,greenhouse_razorpay,RAZORPAY SOFTWARE PRIVATE LIMITED,"Associate Manager, Mid Market Sales",UPDATED,"{""updated_at"": {""from"": ""2026-09-24T03:11:59-04:00"", ""to"": ""2026-09-25T08:07:01-04:00""}}",2026-09-26 04:13:05.874221
611,2026-09-26,greenhouse_razorpay,RAZORPAY SOFTWARE PRIVATE LIMITED,"Associate Manager, HRBP",NEW,,2026-09-26 04:13:05.874221
610,2026-09-25,greenhouse_razorpay,RAZORPAY SOFTWARE PRIVATE LIMITED,"Junior Associate, Brand Marketing",CLOSED,"{""status"": {""from"": ""open"", ""to"": ""closed""}}",2026-09-24 23:24:08.895909
609,2026-09-25,greenhouse_razorpay,RAZORPAY SOFTWARE PRIVATE LIMITED,Business Analyst ,CLOSED,"{""status"": {""from"": ""open"", ""to"": ""closed""}}",2026-09-24 23:24:08.895909
608,2026-09-25,smartrecruiters_freshworks,FRESHWORKS,Staff Product Manager,CLOSED,"{""status"": {""from"": ""open"", ""to"": ""closed""}}",2026-09-24 23:24:08.895909
607,2026-09-25,smartrecruiters_freshworks,FRESHWORKS,Corporate Strategy Manager (Consulting & Strategy),CLOSED,"{""status"": {""from"": ""open"", ""to"": ""closed""}}",2026-09-24 23:24:08.895909
606,2026-09-25,lever_zeta,ZETA,Product Management - Intern,CLOSED,"{""status"": {""from"": ""open"", ""to"": ""closed""}}",2026-09-24 23:24:08.895909
605,2026-09-25,smartrecruiters_freshworks,FRESHWORKS,Business Development Manager - NA,CLOSED,"{""status"": {""from"": ""open"", ""to"": ""closed""}}",2026-09-24 23:24:08.895909
604,2026-09-25,smartrecruiters_freshworks,FRESHWORKS,Senior Business Development Manager (MEA/India),CLOSED,"{""status"": {""from"": ""open"", ""to"": ""closed""}}",2026-09-24 23:24:08.895909
603,2026-09-25,greenhouse_razorpay,RAZORPAY SOFTWARE PRIVATE LIMITED,"Associate, Startup Accounts",CLOSED,"{""status"": {""from"": ""open"", ""to"": ""closed""}}",2026-09-24 23:24:08.895909
602,2026-09-25,smartrecruiters_freshworks,FRESHWORKS,Sr. Solution Architect (SA) ,CLOSED,"{""status"": {""from"": ""open"", ""to"": ""closed""}}",2026-09-24 23:24:08.895909
601,2026-09-25,smartrecruiters_freshworks,FRESHWORKS,Sr. Solution Architect (SA) ,CLOSED,"{""status"": {""from"": ""open"", ""to"": ""closed""}}",2026-09-24 23:24:08.895909
600,2026-09-25,lever_zeta,ZETA,Project Manager II,CLOSED,"{""status"": {""from"": ""open"", ""to"": ""closed""}}",2026-09-24 23:24:08.895909
599,2026-09-25,greenhouse_razorpay,RAZORPAY SOFTWARE PRIVATE LIMITED,"Manager, Cross Border",CLOSED,"{""status"": {""from"": ""open"", ""to"": ""closed""}}",2026-09-24 23:24:08.895909
598,2026-09-25,smartrecruiters_freshworks,FRESHWORKS,Lead - Business Systems Services (Workday Technical Lead),NEW,,2026-09-24 23:24:08.895909
597,2026-09-25,smartrecruiters_freshworks,FRESHWORKS,Director - Demand Generation,NEW,,2026-09-24 23:24:08.895909
596,2026-09-25,smartrecruiters_freshworks,FRESHWORKS,Director - Demand Generation,NEW,,2026-09-24 23:24:08.895909
595,2026-09-25,smartrecruiters_freshworks,FRESHWORKS,Social Media Marketing Manager,NEW,,2026-09-24 23:24:08.895909
594,2026-09-25,smartrecruiters_freshworks,FRESHWORKS,"Senior Solution Architect, Professional Services",NEW,,2026-09-24 23:24:08.895909
593,2026-09-25,smartrecruiters_freshworks,FRESHWORKS,"Senior Solution Architect, Professional Services",NEW,,2026-09-24 23:24:08.895909
592,2026-09-25,lever_cred,CRED,credit card bill payments growth,NEW,,2026-09-24 23:24:08.895909
591,2026-09-25,lever_cred,CRED,business development & partnerships – commercial lead,NEW,,2026-09-24 23:24:08.895909
590,2026-09-25,greenhouse_razorpay,RAZORPAY SOFTWARE PRIVATE LIMITED,Site Reliability Engineer,NEW,,2026-09-24 23:24:08.895909
589,2026-09-25,greenhouse_razorpay,RAZORPAY SOFTWARE PRIVATE LIMITED,"Senior Manager, Social Media Marketing",NEW,,2026-09-24 23:24:08.895909
588,2026-09-25,greenhouse_razorpay,RAZORPAY SOFTWARE PRIVATE LIMITED,Senior Business Analyst,NEW,,2026-09-24 23:24:08.895909
587,2026-09-25,greenhouse_razorpay,RAZORPAY SOFTWARE PRIVATE LIMITED,"Manager, Enterprise Partnership",UPDATED,"{""location"": {""from"": ""Mumbai, India"", ""to"": ""Gurugram, India""}, ""updated_at"": {""from"": ""2026-09-15T04:49:51-04:00"", ""to"": ""2026-09-24T01:10:03-04:00""}}",2026-09-24 23:24:08.895909
586,2026-09-25,greenhouse_razorpay,RAZORPAY SOFTWARE PRIVATE LIMITED,"Associate Manager, Mid Market Sales",UPDATED,"{""updated_at"": {""from"": ""2026-09-22T06:34:13-04:00"", ""to"": ""2026-09-24T03:11:59-04:00""}}",2026-09-24 23:24:08.895909
585,2026-09-25,greenhouse_razorpay,RAZORPAY SOFTWARE PRIVATE LIMITED,"Analyst, Business Operations",NEW,,2026-09-24 23:24:08.895909
584,2026-09-24,greenhouse_razorpay,RAZORPAY SOFTWARE PRIVATE LIMITED,DevOps Engineer,CLOSED,"{""status"": {""from"": ""open"", ""to"": ""closed""}}",2026-09-23 19:01:51.610756
583,2026-09-24,greenhouse_razorpay,RAZORPAY SOFTWARE PRIVATE LIMITED,"Junior Associate, Enterprise Partnerships",CLOSED,"{""status"": {""from"": ""open"", ""to"": ""closed""}}",2026-09-23 19:01:51.610756
582,2026-09-24,smartrecruiters_freshworks,FRESHWORKS,Lead - Customer Support,CLOSED,"{""status"": {""from"": ""open"", ""to"": ""closed""}}",2026-09-23 19:01:51.610756
581,2026-09-24,smartrecruiters_freshworks,FRESHWORKS,"Manager, Lifecycle Marketing",CLOSED,"{""status"": {""from"": ""open"", ""to"": ""closed""}}",2026-09-23 19:01:51.610756
580,2026-09-24,smartrecruiters_freshworks,FRESHWORKS,Lead - Product Adoption (US Shift),CLOSED,"{""status"": {""from"": ""open"", ""to"": ""closed""}}",2026-09-23 19:01:51.610756
579,2026-09-24,smartrecruiters_freshworks,FRESHWORKS,Lead - Solution Engineer(Dutch speaking),CLOSED,"{""status"": {""from"": ""open"", ""to"": ""closed""}}",2026-09-23 19:01:51.610756
578,2026-09-24,smartrecruiters_freshworks,FRESHWORKS,"Manager, Lifecycle Marketing",CLOSED,"{""status"": {""from"": ""open"", ""to"": ""closed""}}",2026-09-23 19:01:51.610756
577,2026-09-24,lever_cred,CRED,capital partnerships,CLOSED,"{""status"": {""from"": ""open"", ""to"": ""closed""}}",2026-09-23 19:01:51.610756
576,2026-09-24,smartrecruiters_freshworks,FRESHWORKS,Lead - Solution Engineer,NEW,,2026-09-23 19:01:51.610756
575,2026-09-24,smartrecruiters_freshworks,FRESHWORKS,Lead - Solution Engineer,NEW,,2026-09-23 19:01:51.610756
574,2026-09-24,smartrecruiters_freshworks,FRESHWORKS,Senior Staff Engineer - Systems,NEW,,2026-09-23 19:01:51.610756
573,2026-09-24,smartrecruiters_freshworks,FRESHWORKS,Lead - Solution Engineer(Dutch/Swedish speaking),NEW,,2026-09-23 19:01:51.610756
572,2026-09-24,smartrecruiters_freshworks,FRESHWORKS,Principal Engineer - Systems,NEW,,2026-09-23 19:01:51.610756
571,2026-09-24,lever_zeta,ZETA,Executive Assistant,NEW,,2026-09-23 19:01:51.610756
570,2026-09-24,lever_cred,CRED,copywriter,NEW,,2026-09-23 19:01:51.610756
569,2026-09-24,greenhouse_razorpay,RAZORPAY SOFTWARE PRIVATE LIMITED,"Junior Associate, Brand Marketing",NEW,,2026-09-23 19:01:51.610756
568,2026-09-24,greenhouse_razorpay,RAZORPAY SOFTWARE PRIVATE LIMITED,Business Analyst ,NEW,,2026-09-23 19:01:51.610756
567,2026-09-24,greenhouse_razorpay,RAZORPAY SOFTWARE PRIVATE LIMITED,"Associate, Startup Accounts",NEW,,2026-09-23 19:01:51.610756
566,2026-09-23,smartrecruiters_freshworks,FRESHWORKS,Enterprise Account Manager,CLOSED,"{""status"": {""from"": ""open"", ""to"": ""closed""}}",2026-09-22 19:01:40.336288
565,2026-09-23,smartrecruiters_freshworks,FRESHWORKS,Staff Product Manager,CLOSED,"{""status"": {""from"": ""open"", ""to"": ""closed""}}",2026-09-22 19:01:40.336288
564,2026-09-23,smartrecruiters_freshworks,FRESHWORKS,Senior Product Manager,CLOSED,"{""status"": {""from"": ""open"", ""to"": ""closed""}}",2026-09-22 19:01:40.336288
563,2026-09-23,smartrecruiters_freshworks,FRESHWORKS,Staff Engineer - Full Stack,CLOSED,"{""status"": {""from"": ""open"", ""to"": ""closed""}}",2026-09-22 19:01:40.336288
562,2026-09-23,smartrecruiters_freshworks,FRESHWORKS,Lead - Data Scientist,CLOSED,"{""status"": {""from"": ""open"", ""to"": ""closed""}}",2026-09-22 19:01:40.336288
561,2026-09-23,greenhouse_razorpay,RAZORPAY SOFTWARE PRIVATE LIMITED,"Executive, Finance",CLOSED,"{""status"": {""from"": ""open"", ""to"": ""closed""}}",2026-09-22 19:01:40.336288
560,2026-09-23,smartrecruiters_freshworks,FRESHWORKS,Senior Staff Engineer - Site Reliability,CLOSED,"{""status"": {""from"": ""open"", ""to"": ""closed""}}",2026-09-22 19:01:40.336288
559,2026-09-23,smartrecruiters_freshworks,FRESHWORKS,Senior Staff Engineer - Site Reliability,CLOSED,"{""status"": {""from"": ""open"", ""to"": ""closed""}}",2026-09-22 19:01:40.336288
558,2026-09-23,smartrecruiters_freshworks,FRESHWORKS,Principal Value Engineer,CLOSED,"{""status"": {""from"": ""open"", ""to"": ""closed""}}",2026-09-22 19:01:40.336288
557,2026-09-23,smartrecruiters_freshworks,FRESHWORKS,Staff Product Manager,CLOSED,"{""status"": {""from"": ""open"", ""to"": ""closed""}}",2026-09-22 19:01:40.336288
556,2026-09-23,lever_cred,CRED,copywriter,CLOSED,"{""status"": {""from"": ""open"", ""to"": ""closed""}}",2026-09-22 19:01:40.336288
555,2026-09-23,smartrecruiters_freshworks,FRESHWORKS,Specialist - Content Creation,NEW,,2026-09-22 19:01:40.336288
554,2026-09-23,smartrecruiters_freshworks,FRESHWORKS,Director - GTM Systems Architecture,NEW,,2026-09-22 19:01:40.336288
553,2026-09-23,smartrecruiters_freshworks,FRESHWORKS,Account Executive - Enterprise ,NEW,,2026-09-22 19:01:40.336288
552,2026-09-23,smartrecruiters_freshworks,FRESHWORKS,Account Executive - Enterprise ,NEW,,2026-09-22 19:01:40.336288
551,2026-09-23,smartrecruiters_freshworks,FRESHWORKS,Staff Product Manager,NEW,,2026-09-22 19:01:40.336288
550,2026-09-23,smartrecruiters_freshworks,FRESHWORKS,Staff Product Manager,NEW,,2026-09-22 19:01:40.336288
549,2026-09-23,smartrecruiters_freshworks,FRESHWORKS,Senior Staff Engineer - Systems,NEW,,2026-09-22 19:01:40.336288
548,2026-09-23,smartrecruiters_freshworks,FRESHWORKS,Advisory Account Manager,NEW,,2026-09-22 19:01:40.336288
547,2026-09-23,smartrecruiters_freshworks,FRESHWORKS,Enterprise Account Manager,NEW,,2026-09-22 19:01:40.336288
546,2026-09-23,lever_zeta,ZETA,Executive Assistant/Senior Executive Assistant,NEW,,2026-09-22 19:01:40.336288
545,2026-09-23,greenhouse_razorpay,RAZORPAY SOFTWARE PRIVATE LIMITED,"Senior Territory Manager, Bank Retail & Direct Enterprise Sales",UPDATED,"{""location"": {""from"": ""Coimbatore, India"", ""to"": ""Chennai, India""}, ""updated_at"": {""from"": ""2026-09-21T06:10:45-04:00"", ""to"": ""2026-09-22T03:16:08-04:00""}}",2026-09-22 19:01:40.336288
544,2026-09-23,greenhouse_razorpay,RAZORPAY SOFTWARE PRIVATE LIMITED,Product Manager II - AI ,NEW,,2026-09-22 19:01:40.336288
543,2026-09-23,greenhouse_razorpay,RAZORPAY SOFTWARE PRIVATE LIMITED,"Associate Manager, Mid Market Sales",UPDATED,"{""updated_at"": {""from"": ""2026-09-21T02:32:37-04:00"", ""to"": ""2026-09-22T06:34:13-04:00""}}",2026-09-22 19:01:40.336288
542,2026-09-22,greenhouse_razorpay,RAZORPAY SOFTWARE PRIVATE LIMITED,"Associate Manager, HRBP",CLOSED,"{""status"": {""from"": ""open"", ""to"": ""closed""}}",2026-09-22 01:00:19.344696
541,2026-09-22,smartrecruiters_freshworks,FRESHWORKS,Associate Advisory Account Manager,CLOSED,"{""status"": {""from"": ""open"", ""to"": ""closed""}}",2026-09-22 01:00:19.344696
540,2026-09-22,smartrecruiters_freshworks,FRESHWORKS,Account Executive - Enterprise ,CLOSED,"{""status"": {""from"": ""open"", ""to"": ""closed""}}",2026-09-22 01:00:19.344696
539,2026-09-22,smartrecruiters_freshworks,FRESHWORKS,Account Executive - Enterprise ,CLOSED,"{""status"": {""from"": ""open"", ""to"": ""closed""}}",2026-09-22 01:00:19.344696
538,2026-09-22,smartrecruiters_freshworks,FRESHWORKS,Lead Software Engineer - Full Stack,NEW,,2026-09-22 01:00:19.344696
537,2026-09-22,smartrecruiters_freshworks,FRESHWORKS,Lead - Channel Sales,NEW,,2026-09-22 01:00:19.344696
536,2026-09-22,smartrecruiters_freshworks,FRESHWORKS,Lead - Channel Sales,NEW,,2026-09-22 01:00:19.344696
535,2026-09-22,lever_zeta,ZETA,Associate / Sr. Associate- People Experience,UPDATED,"{""title"": {""from"": ""Associate/Sr Associate- People Experience"", ""to"": ""Associate / Sr. Associate- People Experience""}}",2026-09-22 01:00:19.344696
534,2026-09-22,greenhouse_razorpay,RAZORPAY SOFTWARE PRIVATE LIMITED,"Senior Territory Manager, Bank Retail & Direct Enterprise Sales",NEW,,2026-09-22 01:00:19.344696
533,2026-09-22,greenhouse_razorpay,RAZORPAY SOFTWARE PRIVATE LIMITED,Senior Solutions Consultant,NEW,,2026-09-22 01:00:19.344696
532,2026-09-22,greenhouse_razorpay,RAZORPAY SOFTWARE PRIVATE LIMITED,"Executive, Finance",NEW,,2026-09-22 01:00:19.344696
531,2026-09-22,greenhouse_razorpay,RAZORPAY SOFTWARE PRIVATE LIMITED,DevOps Engineer,NEW,,2026-09-22 01:00:19.344696
530,2026-09-22,greenhouse_razorpay,RAZORPAY SOFTWARE PRIVATE LIMITED,"Associate, Mid Market Sales",NEW,,2026-09-22 01:00:19.344696
529,2026-09-22,greenhouse_razorpay,RAZORPAY SOFTWARE PRIVATE LIMITED,"Associate Manager, Mid Market Sales",NEW,,2026-09-22 01:00:19.344696
528,2026-09-21,greenhouse_razorpay,RAZORPAY SOFTWARE PRIVATE LIMITED,Engineering Manager ,NEW,,2026-09-20 19:00:57.771254
527,2026-09-20,smartrecruiters_freshworks,FRESHWORKS,Specialist - Content Creation,CLOSED,"{""status"": {""from"": ""open"", ""to"": ""closed""}}",2026-09-19 19:00:57.109731
526,2026-09-20,smartrecruiters_freshworks,FRESHWORKS,Director - GTM Systems Architecture,CLOSED,"{""status"": {""from"": ""open"", ""to"": ""closed""}}",2026-09-19 19:00:57.109731
525,2026-09-20,smartrecruiters_freshworks,FRESHWORKS,Technical Curriculum Developer,NEW,,2026-09-19 19:00:57.109731
524,2026-09-20,smartrecruiters_freshworks,FRESHWORKS,Technical Curriculum Developer,NEW,,2026-09-19 19:00:57.109731
523,2026-09-20,greenhouse_razorpay,RAZORPAY SOFTWARE PRIVATE LIMITED,"Associate Manager, HRBP",NEW,,2026-09-19 19:00:57.109731
522,2026-09-19,smartrecruiters_freshworks,FRESHWORKS,Strategic Account Manager,CLOSED,"{""status"": {""from"": ""open"", ""to"": ""closed""}}",2026-09-18 19:02:02.117377
521,2026-09-19,greenhouse_razorpay,RAZORPAY SOFTWARE PRIVATE LIMITED,"Senior Executive, Finance",CLOSED,"{""status"": {""from"": ""open"", ""to"": ""closed""}}",2026-09-18 19:02:02.117377
520,2026-09-19,smartrecruiters_freshworks,FRESHWORKS,"Senior Director, Sales – North America Verticals",CLOSED,"{""status"": {""from"": ""open"", ""to"": ""closed""}}",2026-09-18 19:02:02.117377
519,2026-09-19,smartrecruiters_freshworks,FRESHWORKS,"Senior Director, Sales – North America Verticals",CLOSED,"{""status"": {""from"": ""open"", ""to"": ""closed""}}",2026-09-18 19:02:02.117377
518,2026-09-19,smartrecruiters_freshworks,FRESHWORKS,Staff Product Manager,CLOSED,"{""status"": {""from"": ""open"", ""to"": ""closed""}}",2026-09-18 19:02:02.117377
517,2026-09-19,smartrecruiters_freshworks,FRESHWORKS,Marketing Operations Manager,CLOSED,"{""status"": {""from"": ""open"", ""to"": ""closed""}}",2026-09-18 19:02:02.117377
516,2026-09-19,greenhouse_razorpay,RAZORPAY SOFTWARE PRIVATE LIMITED,"Executive, Finance",CLOSED,"{""status"": {""from"": ""open"", ""to"": ""closed""}}",2026-09-18 19:02:02.117377
515,2026-09-19,smartrecruiters_freshworks,FRESHWORKS,Lead - Revenue Enablement,CLOSED,"{""status"": {""from"": ""open"", ""to"": ""closed""}}",2026-09-18 19:02:02.117377
514,2026-09-19,smartrecruiters_freshworks,FRESHWORKS,Digital Marketing Lead,CLOSED,"{""status"": {""from"": ""open"", ""to"": ""closed""}}",2026-09-18 19:02:02.117377
513,2026-09-19,smartrecruiters_freshworks,FRESHWORKS,Digital Marketing Lead,CLOSED,"{""status"": {""from"": ""open"", ""to"": ""closed""}}",2026-09-18 19:02:02.117377
512,2026-09-19,greenhouse_razorpay,RAZORPAY SOFTWARE PRIVATE LIMITED,Software Development Engineer,CLOSED,"{""status"": {""from"": ""open"", ""to"": ""closed""}}",2026-09-18 19:02:02.117377
511,2026-09-19,smartrecruiters_freshworks,FRESHWORKS,Specialist - Content Creation,NEW,,2026-09-18 19:02:02.117377
510,2026-09-19,smartrecruiters_freshworks,FRESHWORKS,Director - GTM Systems Architecture,NEW,,2026-09-18 19:02:02.117377
509,2026-09-19,smartrecruiters_freshworks,FRESHWORKS,Account Executive - Enterprise ,NEW,,2026-09-18 19:02:02.117377
508,2026-09-19,smartrecruiters_freshworks,FRESHWORKS,"Senior Director, Sales – North America Verticals",NEW,,2026-09-18 19:02:02.117377
507,2026-09-19,smartrecruiters_freshworks,FRESHWORKS,"Senior Director, Sales – North America Verticals",NEW,,2026-09-18 19:02:02.117377
506,2026-09-19,smartrecruiters_freshworks,FRESHWORKS,Enterprise Account Manager,NEW,,2026-09-18 19:02:02.117377
505,2026-09-19,smartrecruiters_freshworks,FRESHWORKS,Staff Product Manager,NEW,,2026-09-18 19:02:02.117377
504,2026-09-19,smartrecruiters_freshworks,FRESHWORKS,Creative Director,NEW,,2026-09-18 19:02:02.117377
503,2026-09-19,lever_zeta,ZETA,Product Manager II,NEW,,2026-09-18 19:02:02.117377
502,2026-09-19,lever_zeta,ZETA,Product Manager I,NEW,,2026-09-18 19:02:02.117377
501,2026-09-19,greenhouse_razorpay,RAZORPAY SOFTWARE PRIVATE LIMITED,"Senior Analyst, Group Compliance",UPDATED,"{""updated_at"": {""from"": ""2026-09-15T01:14:33-04:00"", ""to"": ""2026-09-18T02:59:13-04:00""}}",2026-09-18 19:02:02.117377
500,2026-09-18,smartrecruiters_freshworks,FRESHWORKS,Account Executive - Mid Market ,CLOSED,"{""status"": {""from"": ""open"", ""to"": ""closed""}}",2026-09-17 19:01:43.217935
499,2026-09-18,greenhouse_razorpay,RAZORPAY SOFTWARE PRIVATE LIMITED,"Associate Manager, Enterprise Partnerships ",CLOSED,"{""status"": {""from"": ""open"", ""to"": ""closed""}}",2026-09-17 19:01:43.217935
498,2026-09-18,smartrecruiters_freshworks,FRESHWORKS,Lead - Account Manager,CLOSED,"{""status"": {""from"": ""open"", ""to"": ""closed""}}",2026-09-17 19:01:43.217935
497,2026-09-18,greenhouse_razorpay,RAZORPAY SOFTWARE PRIVATE LIMITED,Product Manager II,CLOSED,"{""status"": {""from"": ""open"", ""to"": ""closed""}}",2026-09-17 19:01:43.217935
496,2026-09-18,smartrecruiters_freshworks,FRESHWORKS,Escalation Manager,CLOSED,"{""status"": {""from"": ""open"", ""to"": ""closed""}}",2026-09-17 19:01:43.217935
495,2026-09-18,smartrecruiters_freshworks,FRESHWORKS,Escalation Manager,CLOSED,"{""status"": {""from"": ""open"", ""to"": ""closed""}}",2026-09-17 19:01:43.217935
494,2026-09-18,smartrecruiters_freshworks,FRESHWORKS,Director - GTM Systems Architecture,CLOSED,"{""status"": {""from"": ""open"", ""to"": ""closed""}}",2026-09-17 19:01:43.217935
493,2026-09-18,smartrecruiters_freshworks,FRESHWORKS,Account Executive - Enterprise ,CLOSED,"{""status"": {""from"": ""open"", ""to"": ""closed""}}",2026-09-17 19:01:43.217935
492,2026-09-18,smartrecruiters_freshworks,FRESHWORKS,Senior Product Manager,CLOSED,"{""status"": {""from"": ""open"", ""to"": ""closed""}}",2026-09-17 19:01:43.217935
491,2026-09-18,smartrecruiters_freshworks,FRESHWORKS,Staff Engineer - Full Stack,CLOSED,"{""status"": {""from"": ""open"", ""to"": ""closed""}}",2026-09-17 19:01:43.217935
490,2026-09-18,smartrecruiters_freshworks,FRESHWORKS,Account Executive - Mid Market ,NEW,,2026-09-17 19:01:43.217935
489,2026-09-18,smartrecruiters_freshworks,FRESHWORKS,Corporate Strategy Manager (Consulting & Strategy),NEW,,2026-09-17 19:01:43.217935
488,2026-09-18,smartrecruiters_freshworks,FRESHWORKS,Senior Product Manager,NEW,,2026-09-17 19:01:43.217935
487,2026-09-18,smartrecruiters_freshworks,FRESHWORKS,Staff Engineer - Full Stack,NEW,,2026-09-17 19:01:43.217935
486,2026-09-18,smartrecruiters_freshworks,FRESHWORKS,Principal - Solution Engineering,NEW,,2026-09-17 19:01:43.217935
485,2026-09-18,smartrecruiters_freshworks,FRESHWORKS,Principal - Solution Engineering,NEW,,2026-09-17 19:01:43.217935
484,2026-09-18,smartrecruiters_freshworks,FRESHWORKS,Lead - Account Manager,NEW,,2026-09-17 19:01:43.217935
483,2026-09-18,smartrecruiters_freshworks,FRESHWORKS,Strategic Account Manager,NEW,,2026-09-17 19:01:43.217935
482,2026-09-18,lever_zeta,ZETA,Director - Strategy & Operations,NEW,,2026-09-17 19:01:43.217935
481,2026-09-18,greenhouse_razorpay,RAZORPAY SOFTWARE PRIVATE LIMITED,"Senior Executive, Finance",NEW,,2026-09-17 19:01:43.217935
480,2026-09-17,greenhouse_razorpay,RAZORPAY SOFTWARE PRIVATE LIMITED,"Data Analyst, Business Finance",CLOSED,"{""status"": {""from"": ""open"", ""to"": ""closed""}}",2026-09-16 20:11:19.385050
479,2026-09-17,greenhouse_razorpay,RAZORPAY SOFTWARE PRIVATE LIMITED,Associate Technical Consultant ,CLOSED,"{""status"": {""from"": ""open"", ""to"": ""closed""}}",2026-09-16 20:11:19.385050
478,2026-09-17,lever_zeta,ZETA,Executive Assistant/Senior Executive Assistant,CLOSED,"{""status"": {""from"": ""open"", ""to"": ""closed""}}",2026-09-16 20:11:19.385050
477,2026-09-17,greenhouse_razorpay,RAZORPAY SOFTWARE PRIVATE LIMITED,Product Manager II,CLOSED,"{""status"": {""from"": ""open"", ""to"": ""closed""}}",2026-09-16 20:11:19.385050
476,2026-09-17,smartrecruiters_freshworks,FRESHWORKS,Director - Global Talent Management,CLOSED,"{""status"": {""from"": ""open"", ""to"": ""closed""}}",2026-09-16 20:11:19.385050
475,2026-09-17,greenhouse_razorpay,RAZORPAY SOFTWARE PRIVATE LIMITED,"Associate, Startup Accounts",CLOSED,"{""status"": {""from"": ""open"", ""to"": ""closed""}}",2026-09-16 20:11:19.385050
474,2026-09-17,smartrecruiters_freshworks,FRESHWORKS,Lead Customer Success Manager,CLOSED,"{""status"": {""from"": ""open"", ""to"": ""closed""}}",2026-09-16 20:11:19.385050
473,2026-09-17,greenhouse_razorpay,RAZORPAY SOFTWARE PRIVATE LIMITED,"Manager, Product Marketing",CLOSED,"{""status"": {""from"": ""open"", ""to"": ""closed""}}",2026-09-16 20:11:19.385050
472,2026-09-17,smartrecruiters_freshworks,FRESHWORKS,"Director, Freshworks Internal Creative Services",CLOSED,"{""status"": {""from"": ""open"", ""to"": ""closed""}}",2026-09-16 20:11:19.385050
471,2026-09-17,smartrecruiters_freshworks,FRESHWORKS,Lead Software Engineer - Machine Learning,CLOSED,"{""status"": {""from"": ""open"", ""to"": ""closed""}}",2026-09-16 20:11:19.385050
470,2026-09-17,smartrecruiters_freshworks,FRESHWORKS,Lead Software Engineer - Machine Learning,CLOSED,"{""status"": {""from"": ""open"", ""to"": ""closed""}}",2026-09-16 20:11:19.385050
469,2026-09-17,lever_zeta,ZETA,Director – Enterprise Applications & IT Infrastructure,CLOSED,"{""status"": {""from"": ""open"", ""to"": ""closed""}}",2026-09-16 20:11:19.385050
468,2026-09-17,smartrecruiters_freshworks,FRESHWORKS,Director - Global Talent Management,NEW,,2026-09-16 20:11:19.385050
467,2026-09-17,smartrecruiters_freshworks,FRESHWORKS,"Senior Director, Sales – North America Verticals",NEW,,2026-09-16 20:11:19.385050
466,2026-09-17,smartrecruiters_freshworks,FRESHWORKS,"Senior Director, Sales – North America Verticals",NEW,,2026-09-16 20:11:19.385050
465,2026-09-17,smartrecruiters_freshworks,FRESHWORKS,Senior Account Manager (EX Top Tier - North America),NEW,,2026-09-16 20:11:19.385050
464,2026-09-17,smartrecruiters_freshworks,FRESHWORKS,Customer Success Manager — Key & Enterprise,NEW,,2026-09-16 20:11:19.385050
463,2026-09-17,lever_zeta,ZETA,Product Management - Intern,NEW,,2026-09-16 20:11:19.385050
462,2026-09-17,greenhouse_razorpay,RAZORPAY SOFTWARE PRIVATE LIMITED,"Junior Associate, Enterprise Partnerships",NEW,,2026-09-16 20:11:19.385050
461,2026-09-15,greenhouse_razorpay,RAZORPAY SOFTWARE PRIVATE LIMITED,Senior Software Development Engineer,CLOSED,"{""status"": {""from"": ""open"", ""to"": ""closed""}}",2026-09-15 15:31:33.204141
460,2026-09-15,smartrecruiters_freshworks,FRESHWORKS,Specialist - Content Creation,CLOSED,"{""status"": {""from"": ""open"", ""to"": ""closed""}}",2026-09-15 15:31:33.204141
459,2026-09-15,smartrecruiters_freshworks,FRESHWORKS,Business Development Manager,CLOSED,"{""status"": {""from"": ""open"", ""to"": ""closed""}}",2026-09-15 15:31:33.204141
458,2026-09-15,greenhouse_razorpay,RAZORPAY SOFTWARE PRIVATE LIMITED,Forward Deployed Engineer,CLOSED,"{""status"": {""from"": ""open"", ""to"": ""closed""}}",2026-09-15 15:31:33.204141
457,2026-09-15,smartrecruiters_freshworks,FRESHWORKS,Senior Manager - Events,NEW,,2026-09-15 15:31:33.204141
456,2026-09-15,smartrecruiters_freshworks,FRESHWORKS,Lead - Business Analyst (EX SMB),NEW,,2026-09-15 15:31:33.204141
455,2026-09-15,lever_zeta,ZETA,Associate/Sr Associate- People Experience,NEW,,2026-09-15 15:31:33.204141
454,2026-09-15,greenhouse_razorpay,RAZORPAY SOFTWARE PRIVATE LIMITED,"Senior Analyst, Group Compliance",NEW,,2026-09-15 15:31:33.204141
453,2026-09-15,greenhouse_razorpay,RAZORPAY SOFTWARE PRIVATE LIMITED,"Manager, Enterprise Partnership",NEW,,2026-09-15 15:31:33.204141
452,2026-09-15,greenhouse_razorpay,RAZORPAY SOFTWARE PRIVATE LIMITED,"Data Analyst, Business Finance",NEW,,2026-09-15 15:31:33.204141
451,2026-09-15,greenhouse_razorpay,RAZORPAY SOFTWARE PRIVATE LIMITED,Associate Technical Consultant ,NEW,,2026-09-15 15:31:33.204141
450,2026-09-14,smartrecruiters_freshworks,FRESHWORKS,Field Marketing Specialist (UKI & Nordics),CLOSED,"{""status"": {""from"": ""open"", ""to"": ""closed""}}",2026-09-14 15:31:36.917336
449,2026-09-14,smartrecruiters_freshworks,FRESHWORKS,Lead - Product Designer,NEW,,2026-09-14 15:31:36.917336
448,2026-09-12,smartrecruiters_freshworks,FRESHWORKS,"Senior Director, Global Sales Recruiting",CLOSED,"{""status"": {""from"": ""open"", ""to"": ""closed""}}",2026-09-12 15:31:25.309413
447,2026-09-12,smartrecruiters_freshworks,FRESHWORKS,Senior Software Engineer - Full Stack,CLOSED,"{""status"": {""from"": ""open"", ""to"": ""closed""}}",2026-09-12 15:31:25.309413
446,2026-09-12,smartrecruiters_freshworks,FRESHWORKS,Specialist - Data Platform Engineering,CLOSED,"{""status"": {""from"": ""open"", ""to"": ""closed""}}",2026-09-12 15:31:25.309413
445,2026-09-12,smartrecruiters_freshworks,FRESHWORKS,Lead Software Engineer - Mobile,CLOSED,"{""status"": {""from"": ""open"", ""to"": ""closed""}}",2026-09-12 15:31:25.309413
444,2026-09-12,smartrecruiters_freshworks,FRESHWORKS,Senior NOC Engineer,CLOSED,"{""status"": {""from"": ""open"", ""to"": ""closed""}}",2026-09-12 15:31:25.309413
443,2026-09-12,smartrecruiters_freshworks,FRESHWORKS,Specialist - Content Creation,NEW,,2026-09-12 15:31:25.309413
442,2026-09-12,smartrecruiters_freshworks,FRESHWORKS,"Director, Freshworks Internal Creative Services",NEW,,2026-09-12 15:31:25.309413
441,2026-09-12,smartrecruiters_freshworks,FRESHWORKS,Escalation Manager,NEW,,2026-09-12 15:31:25.309413
440,2026-09-12,smartrecruiters_freshworks,FRESHWORKS,Escalation Manager,NEW,,2026-09-12 15:31:25.309413
439,2026-09-12,smartrecruiters_freshworks,FRESHWORKS,Staff Product Manager,NEW,,2026-09-12 15:31:25.309413
438,2026-09-11,smartrecruiters_freshworks,FRESHWORKS,"Product Marketing Manager, Freshservice Platform",CLOSED,"{""status"": {""from"": ""open"", ""to"": ""closed""}}",2026-09-11 15:31:24.193193
437,2026-09-11,smartrecruiters_freshworks,FRESHWORKS,"Director, Freshworks Internal Creative Services",CLOSED,"{""status"": {""from"": ""open"", ""to"": ""closed""}}",2026-09-11 15:31:24.193193
436,2026-09-11,smartrecruiters_freshworks,FRESHWORKS,Escalation Manager,CLOSED,"{""status"": {""from"": ""open"", ""to"": ""closed""}}",2026-09-11 15:31:24.193193
435,2026-09-11,smartrecruiters_freshworks,FRESHWORKS,Escalation Manager,CLOSED,"{""status"": {""from"": ""open"", ""to"": ""closed""}}",2026-09-11 15:31:24.193193
434,2026-09-11,smartrecruiters_freshworks,FRESHWORKS,Community Manager,CLOSED,"{""status"": {""from"": ""open"", ""to"": ""closed""}}",2026-09-11 15:31:24.193193
433,2026-09-11,lever_zeta,ZETA,Software Development Engineer in Test II,CLOSED,"{""status"": {""from"": ""open"", ""to"": ""closed""}}",2026-09-11 15:31:24.193193
432,2026-09-11,greenhouse_razorpay,RAZORPAY SOFTWARE PRIVATE LIMITED,Senior Solutions Consultant,CLOSED,"{""status"": {""from"": ""open"", ""to"": ""closed""}}",2026-09-11 15:31:24.193193
431,2026-09-11,greenhouse_razorpay,RAZORPAY SOFTWARE PRIVATE LIMITED,"Associate Manager, Solutions Engineering",CLOSED,"{""status"": {""from"": ""open"", ""to"": ""closed""}}",2026-09-11 15:31:24.193193
430,2026-09-11,smartrecruiters_freshworks,FRESHWORKS,Account Executive - Mid Market ,NEW,,2026-09-11 15:31:24.193193
429,2026-09-11,smartrecruiters_freshworks,FRESHWORKS,"Senior Director, People Analytics and Workforce Planning",NEW,,2026-09-11 15:31:24.193193
428,2026-09-11,smartrecruiters_freshworks,FRESHWORKS,Account Management,NEW,,2026-09-11 15:31:24.193193
427,2026-09-11,smartrecruiters_freshworks,FRESHWORKS,Manager - Business Development (m/f/d),NEW,,2026-09-11 15:31:24.193193
426,2026-09-11,smartrecruiters_freshworks,FRESHWORKS,"Product Marketing Manager, Freshservice Platform",NEW,,2026-09-11 15:31:24.193193
425,2026-09-11,lever_zeta,ZETA,Director - Solution Engineering,NEW,,2026-09-11 15:31:24.193193
424,2026-09-11,greenhouse_razorpay,RAZORPAY SOFTWARE PRIVATE LIMITED,"Executive, Finance",NEW,,2026-09-11 15:31:24.193193
423,2026-09-10,smartrecruiters_freshworks,FRESHWORKS,Principal - Solution Engineering,CLOSED,"{""status"": {""from"": ""open"", ""to"": ""closed""}}",2026-09-10 15:31:25.117642
422,2026-09-10,greenhouse_razorpay,RAZORPAY SOFTWARE PRIVATE LIMITED,"Senior Analyst, Business Operations",CLOSED,"{""status"": {""from"": ""open"", ""to"": ""closed""}}",2026-09-10 15:31:25.117642
421,2026-09-10,smartrecruiters_freshworks,FRESHWORKS,Principal - Solution Engineering,CLOSED,"{""status"": {""from"": ""open"", ""to"": ""closed""}}",2026-09-10 15:31:25.117642
420,2026-09-10,smartrecruiters_freshworks,FRESHWORKS,Lead Software Engineer - Mobile (Android),CLOSED,"{""status"": {""from"": ""open"", ""to"": ""closed""}}",2026-09-10 15:31:25.117642
419,2026-09-10,smartrecruiters_freshworks,FRESHWORKS,Account Manager - Mid Market,CLOSED,"{""status"": {""from"": ""open"", ""to"": ""closed""}}",2026-09-10 15:31:25.117642
418,2026-09-10,lever_zeta,ZETA,Solution Train Manager,CLOSED,"{""status"": {""from"": ""open"", ""to"": ""closed""}}",2026-09-10 15:31:25.117642
417,2026-09-10,greenhouse_razorpay,RAZORPAY SOFTWARE PRIVATE LIMITED,Senior Associate - Corporate Strategy ,CLOSED,"{""status"": {""from"": ""open"", ""to"": ""closed""}}",2026-09-10 15:31:25.117642
416,2026-09-10,smartrecruiters_freshworks,FRESHWORKS,Marketing Operations Manager,NEW,,2026-09-10 15:31:25.117642
415,2026-09-10,smartrecruiters_freshworks,FRESHWORKS,Account Manager - Mid Market,NEW,,2026-09-10 15:31:25.117642
414,2026-09-10,smartrecruiters_freshworks,FRESHWORKS,Lead - Data Scientist,NEW,,2026-09-10 15:31:25.117642
413,2026-09-10,smartrecruiters_freshworks,FRESHWORKS,"Senior Director, Global Sales Recruiting",NEW,,2026-09-10 15:31:25.117642
412,2026-09-10,greenhouse_razorpay,RAZORPAY SOFTWARE PRIVATE LIMITED,"Senior Manager, Sales",UPDATED,"{""updated_at"": {""from"": ""2026-07-21T02:29:07-04:00"", ""to"": ""2026-09-10T03:30:40-04:00""}}",2026-09-10 15:31:25.117642
411,2026-09-10,greenhouse_razorpay,RAZORPAY SOFTWARE PRIVATE LIMITED,"Executive, Finance",UPDATED,"{""updated_at"": {""from"": ""2026-09-09T01:40:17-04:00"", ""to"": ""2026-09-10T02:31:23-04:00""}}",2026-09-10 15:31:25.117642
410,2026-09-09,greenhouse_razorpay,RAZORPAY SOFTWARE PRIVATE LIMITED,"Executive, Finance",CLOSED,"{""status"": {""from"": ""open"", ""to"": ""closed""}}",2026-09-09 15:31:43.904416
409,2026-09-09,smartrecruiters_freshworks,FRESHWORKS,Lead - Business Systems Services,CLOSED,"{""status"": {""from"": ""open"", ""to"": ""closed""}}",2026-09-09 15:31:43.904416
408,2026-09-09,smartrecruiters_freshworks,FRESHWORKS,Senior Account Manager (Resellers CX - APMEA),CLOSED,"{""status"": {""from"": ""open"", ""to"": ""closed""}}",2026-09-09 15:31:43.904416
407,2026-09-09,smartrecruiters_freshworks,FRESHWORKS,Senior Account Manager (Digital CX - NA),CLOSED,"{""status"": {""from"": ""open"", ""to"": ""closed""}}",2026-09-09 15:31:43.904416
406,2026-09-09,smartrecruiters_freshworks,FRESHWORKS,"Product Marketing Manager, AI",CLOSED,"{""status"": {""from"": ""open"", ""to"": ""closed""}}",2026-09-09 15:31:43.904416
405,2026-09-09,smartrecruiters_freshworks,FRESHWORKS,"Product Marketing Manager, AI",CLOSED,"{""status"": {""from"": ""open"", ""to"": ""closed""}}",2026-09-09 15:31:43.904416
404,2026-09-09,smartrecruiters_freshworks,FRESHWORKS,Channel Sales Manager - Germany (m/f/d),CLOSED,"{""status"": {""from"": ""open"", ""to"": ""closed""}}",2026-09-09 15:31:43.904416
403,2026-09-09,smartrecruiters_freshworks,FRESHWORKS,"Director, Freshworks Internal Creative Services",NEW,,2026-09-09 15:31:43.904416
402,2026-09-09,smartrecruiters_freshworks,FRESHWORKS,Escalation Manager,NEW,,2026-09-09 15:31:43.904416
401,2026-09-09,smartrecruiters_freshworks,FRESHWORKS,"Technical Product Marketing Manager, AI",NEW,,2026-09-09 15:31:43.904416
400,2026-09-09,smartrecruiters_freshworks,FRESHWORKS,"Product Marketing Manager, Freshservice Platform",NEW,,2026-09-09 15:31:43.904416
399,2026-09-09,smartrecruiters_freshworks,FRESHWORKS,"Product Marketing Manager, Freshservice Platform",NEW,,2026-09-09 15:31:43.904416
398,2026-09-09,smartrecruiters_freshworks,FRESHWORKS,"Technical Product Marketing Manager, AI",NEW,,2026-09-09 15:31:43.904416
397,2026-09-09,lever_zeta,ZETA,Executive Assistant/Senior Executive Assistant,NEW,,2026-09-09 15:31:43.904416
396,2026-09-09,greenhouse_razorpay,RAZORPAY SOFTWARE PRIVATE LIMITED,"Senior Executive, Finance",NEW,,2026-09-09 15:31:43.904416
395,2026-09-09,greenhouse_razorpay,RAZORPAY SOFTWARE PRIVATE LIMITED,"Executive, Finance",NEW,,2026-09-09 15:31:43.904416
394,2026-09-09,greenhouse_razorpay,RAZORPAY SOFTWARE PRIVATE LIMITED,"Associate Manager, Enterprise Partnerships ",NEW,,2026-09-09 15:31:43.904416
393,2026-09-08,greenhouse_razorpay,RAZORPAY SOFTWARE PRIVATE LIMITED,Senior Product Manager,CLOSED,"{""status"": {""from"": ""open"", ""to"": ""closed""}}",2026-09-08 15:31:26.232477
392,2026-09-08,smartrecruiters_freshworks,FRESHWORKS,Staff Product Manager,CLOSED,"{""status"": {""from"": ""open"", ""to"": ""closed""}}",2026-09-08 15:31:26.232477
391,2026-09-08,smartrecruiters_freshworks,FRESHWORKS,Specialist - Content Creation,CLOSED,"{""status"": {""from"": ""open"", ""to"": ""closed""}}",2026-09-08 15:31:26.232477
390,2026-09-08,smartrecruiters_freshworks,FRESHWORKS,"Director, Freshworks Internal Creative Services",CLOSED,"{""status"": {""from"": ""open"", ""to"": ""closed""}}",2026-09-08 15:31:26.232477
389,2026-09-08,smartrecruiters_freshworks,FRESHWORKS,Escalation Manager,CLOSED,"{""status"": {""from"": ""open"", ""to"": ""closed""}}",2026-09-08 15:31:26.232477
388,2026-09-08,smartrecruiters_freshworks,FRESHWORKS,Lead - Program Management - Process Transformation & Automation,CLOSED,"{""status"": {""from"": ""open"", ""to"": ""closed""}}",2026-09-08 15:31:26.232477
387,2026-09-08,smartrecruiters_freshworks,FRESHWORKS,GTM Engineer,CLOSED,"{""status"": {""from"": ""open"", ""to"": ""closed""}}",2026-09-08 15:31:26.232477
386,2026-09-08,lever_cred,CRED,machine learning engineer,CLOSED,"{""status"": {""from"": ""open"", ""to"": ""closed""}}",2026-09-08 15:31:26.232477
385,2026-09-08,lever_cred,CRED,growth and business - max and wallet,CLOSED,"{""status"": {""from"": ""open"", ""to"": ""closed""}}",2026-09-08 15:31:26.232477
384,2026-09-08,lever_cred,CRED,data scientist,CLOSED,"{""status"": {""from"": ""open"", ""to"": ""closed""}}",2026-09-08 15:31:26.232477
383,2026-09-08,greenhouse_razorpay,RAZORPAY SOFTWARE PRIVATE LIMITED,"Senior Associate, Legal",CLOSED,"{""status"": {""from"": ""open"", ""to"": ""closed""}}",2026-09-08 15:31:26.232477
382,2026-09-08,smartrecruiters_freshworks,FRESHWORKS,Channel Partner Manager - France & Nordics,NEW,,2026-09-08 15:31:26.232477
381,2026-09-08,smartrecruiters_freshworks,FRESHWORKS,Senior Staff Engineer - Site Reliability,NEW,,2026-09-08 15:31:26.232477
380,2026-09-08,smartrecruiters_freshworks,FRESHWORKS,Senior Staff Engineer - Site Reliability,NEW,,2026-09-08 15:31:26.232477
379,2026-09-08,smartrecruiters_freshworks,FRESHWORKS,Principal - Solution Engineering,NEW,,2026-09-08 15:31:26.232477
378,2026-09-08,smartrecruiters_freshworks,FRESHWORKS,Lead - Account Manager,NEW,,2026-09-08 15:31:26.232477
377,2026-09-08,smartrecruiters_freshworks,FRESHWORKS,Enterprise Sales Director UKI,NEW,,2026-09-08 15:31:26.232477
376,2026-09-08,lever_zeta,ZETA,Associate Director - Legal,NEW,,2026-09-08 15:31:26.232477
375,2026-09-08,greenhouse_razorpay,RAZORPAY SOFTWARE PRIVATE LIMITED,"Senior Analyst, Business Operations",NEW,,2026-09-08 15:31:26.232477
374,2026-09-08,greenhouse_razorpay,RAZORPAY SOFTWARE PRIVATE LIMITED,"Executive, Finance",NEW,,2026-09-08 15:31:26.232477
373,2026-09-08,greenhouse_razorpay,RAZORPAY SOFTWARE PRIVATE LIMITED,"Associate, Learning Business Partner",UPDATED,"{""updated_at"": {""from"": ""2026-09-04T07:47:36-04:00"", ""to"": ""2026-09-08T05:52:49-04:00""}}",2026-09-08 15:31:26.232477
372,2026-09-07,smartrecruiters_freshworks,FRESHWORKS,Business Systems Services Manager,CLOSED,"{""status"": {""from"": ""open"", ""to"": ""closed""}}",2026-09-07 15:31:10.004232
371,2026-09-07,smartrecruiters_freshworks,FRESHWORKS,Vice President - Commercial Legal Affairs,CLOSED,"{""status"": {""from"": ""open"", ""to"": ""closed""}}",2026-09-07 15:31:10.004232
370,2026-09-07,greenhouse_razorpay,RAZORPAY SOFTWARE PRIVATE LIMITED,"Analyst, Business Operations",CLOSED,"{""status"": {""from"": ""open"", ""to"": ""closed""}}",2026-09-07 15:31:10.004232
369,2026-09-07,smartrecruiters_freshworks,FRESHWORKS,Product Specialist,CLOSED,"{""status"": {""from"": ""open"", ""to"": ""closed""}}",2026-09-07 15:31:10.004232
368,2026-09-07,smartrecruiters_freshworks,FRESHWORKS,Senior Product Specialist,CLOSED,"{""status"": {""from"": ""open"", ""to"": ""closed""}}",2026-09-07 15:31:10.004232
367,2026-09-07,smartrecruiters_freshworks,FRESHWORKS,Senior Account Executive - Inside Sales,CLOSED,"{""status"": {""from"": ""open"", ""to"": ""closed""}}",2026-09-07 15:31:10.004232
366,2026-09-07,lever_zeta,ZETA,Sr. Associate / Lead Designer,CLOSED,"{""status"": {""from"": ""open"", ""to"": ""closed""}}",2026-09-07 15:31:10.004232
365,2026-09-07,lever_zeta,ZETA,Executive - IT Support,CLOSED,"{""status"": {""from"": ""open"", ""to"": ""closed""}}",2026-09-07 15:31:10.004232
364,2026-09-07,greenhouse_razorpay,RAZORPAY SOFTWARE PRIVATE LIMITED,Senior Product Manager,CLOSED,"{""status"": {""from"": ""open"", ""to"": ""closed""}}",2026-09-07 15:31:10.004232
363,2026-09-07,greenhouse_razorpay,RAZORPAY SOFTWARE PRIVATE LIMITED,Lead Product Designer,CLOSED,"{""status"": {""from"": ""open"", ""to"": ""closed""}}",2026-09-07 15:31:10.004232
362,2026-09-07,smartrecruiters_freshworks,FRESHWORKS,Lead - Customer Support,NEW,,2026-09-07 15:31:10.004232
361,2026-09-07,smartrecruiters_freshworks,FRESHWORKS,Business Development Manager - NA,NEW,,2026-09-07 15:31:10.004232
360,2026-09-07,smartrecruiters_freshworks,FRESHWORKS,Senior Business Development Manager (MEA/India),NEW,,2026-09-07 15:31:10.004232
359,2026-09-07,smartrecruiters_freshworks,FRESHWORKS,Lead - Product Marketing,NEW,,2026-09-07 15:31:10.004232
358,2026-09-07,smartrecruiters_freshworks,FRESHWORKS,Lead Account Executive (Spanish speaking),NEW,,2026-09-07 15:31:10.004232
357,2026-09-07,greenhouse_razorpay,RAZORPAY SOFTWARE PRIVATE LIMITED,Senior Product Manager,UPDATED,"{""updated_at"": {""from"": ""2026-09-02T01:19:32-04:00"", ""to"": ""2026-09-07T00:34:39-04:00""}}",2026-09-07 15:31:10.004232
356,2026-09-07,greenhouse_razorpay,RAZORPAY SOFTWARE PRIVATE LIMITED,Senior Associate - Corporate Strategy ,NEW,,2026-09-07 15:31:10.004232
355,2026-09-07,greenhouse_razorpay,RAZORPAY SOFTWARE PRIVATE LIMITED,Product Manager II - Ads ,UPDATED,"{""updated_at"": {""from"": ""2026-09-02T01:18:15-04:00"", ""to"": ""2026-09-07T00:34:00-04:00""}}",2026-09-07 15:31:10.004232
354,2026-09-07,greenhouse_razorpay,RAZORPAY SOFTWARE PRIVATE LIMITED,Product Manager II,NEW,,2026-09-07 15:31:10.004232
353,2026-09-05,greenhouse_razorpay,RAZORPAY SOFTWARE PRIVATE LIMITED,Associate Technical Program Manager,CLOSED,"{""status"": {""from"": ""open"", ""to"": ""closed""}}",2026-09-05 15:31:28.434986
352,2026-09-04,greenhouse_razorpay,RAZORPAY SOFTWARE PRIVATE LIMITED,"Analyst, Risk Management",CLOSED,"{""status"": {""from"": ""open"", ""to"": ""closed""}}",2026-09-04 15:31:55.415884
351,2026-09-04,greenhouse_razorpay,RAZORPAY SOFTWARE PRIVATE LIMITED,AI Engineer (Platform),CLOSED,"{""status"": {""from"": ""open"", ""to"": ""closed""}}",2026-09-04 15:31:55.415884
350,2026-09-04,smartrecruiters_freshworks,FRESHWORKS,Senior Customer Success Manager (m/f/d),CLOSED,"{""status"": {""from"": ""open"", ""to"": ""closed""}}",2026-09-04 15:31:55.415884
349,2026-09-04,smartrecruiters_freshworks,FRESHWORKS,Channel Sales Manager (East),CLOSED,"{""status"": {""from"": ""open"", ""to"": ""closed""}}",2026-09-04 15:31:55.415884
348,2026-09-04,smartrecruiters_freshworks,FRESHWORKS,Manager - Business Development (m/f/d),CLOSED,"{""status"": {""from"": ""open"", ""to"": ""closed""}}",2026-09-04 15:31:55.415884
347,2026-09-04,smartrecruiters_freshworks,FRESHWORKS,Channel Sales Manager (East),CLOSED,"{""status"": {""from"": ""open"", ""to"": ""closed""}}",2026-09-04 15:31:55.415884
346,2026-09-04,smartrecruiters_freshworks,FRESHWORKS,Channel Sales Manager (East),CLOSED,"{""status"": {""from"": ""open"", ""to"": ""closed""}}",2026-09-04 15:31:55.415884
345,2026-09-04,smartrecruiters_freshworks,FRESHWORKS,Channel Sales Manager (East),CLOSED,"{""status"": {""from"": ""open"", ""to"": ""closed""}}",2026-09-04 15:31:55.415884
344,2026-09-04,smartrecruiters_freshworks,FRESHWORKS,Channel Sales Manager (East),CLOSED,"{""status"": {""from"": ""open"", ""to"": ""closed""}}",2026-09-04 15:31:55.415884
343,2026-09-04,smartrecruiters_freshworks,FRESHWORKS,Director - Global Talent Management,CLOSED,"{""status"": {""from"": ""open"", ""to"": ""closed""}}",2026-09-04 15:31:55.415884
342,2026-09-04,lever_zeta,ZETA,Infosec GRC Associate II,CLOSED,"{""status"": {""from"": ""open"", ""to"": ""closed""}}",2026-09-04 15:31:55.415884
341,2026-09-04,greenhouse_razorpay,RAZORPAY SOFTWARE PRIVATE LIMITED,Full Stack Builder,CLOSED,"{""status"": {""from"": ""open"", ""to"": ""closed""}}",2026-09-04 15:31:55.415884
340,2026-09-04,smartrecruiters_freshworks,FRESHWORKS,Business Systems Services Manager,NEW,,2026-09-04 15:31:55.415884
339,2026-09-04,smartrecruiters_freshworks,FRESHWORKS,Vice President - Commercial Legal Affairs,NEW,,2026-09-04 15:31:55.415884
338,2026-09-04,smartrecruiters_freshworks,FRESHWORKS,Staff Product Manager,NEW,,2026-09-04 15:31:55.415884
337,2026-09-04,smartrecruiters_freshworks,FRESHWORKS,Senior Account Executive - Inside Sales,NEW,,2026-09-04 15:31:55.415884
336,2026-09-04,smartrecruiters_freshworks,FRESHWORKS,Specialist - Content Creation,NEW,,2026-09-04 15:31:55.415884
335,2026-09-04,smartrecruiters_freshworks,FRESHWORKS,"Senior Director, Engineering - AI Studio (CX & EX)",NEW,,2026-09-04 15:31:55.415884
334,2026-09-04,smartrecruiters_freshworks,FRESHWORKS,"Director, Integrated Marketing",NEW,,2026-09-04 15:31:55.415884
333,2026-09-04,smartrecruiters_freshworks,FRESHWORKS,Director - Global Talent Management,NEW,,2026-09-04 15:31:55.415884
332,2026-09-04,greenhouse_razorpay,RAZORPAY SOFTWARE PRIVATE LIMITED,Product Manager II,NEW,,2026-09-04 15:31:55.415884
331,2026-09-04,greenhouse_razorpay,RAZORPAY SOFTWARE PRIVATE LIMITED,"Associate, Learning Business Partner",NEW,,2026-09-04 15:31:55.415884
330,2026-09-04,greenhouse_razorpay,RAZORPAY SOFTWARE PRIVATE LIMITED,"Analyst, Business Operations",NEW,,2026-09-04 15:31:55.415884
329,2026-09-03,smartrecruiters_freshworks,FRESHWORKS,Principal Customer Success Engineer,CLOSED,"{""status"": {""from"": ""open"", ""to"": ""closed""}}",2026-09-03 15:32:20.481375
328,2026-09-03,smartrecruiters_freshworks,FRESHWORKS,Lead Customer Success Engineer,CLOSED,"{""status"": {""from"": ""open"", ""to"": ""closed""}}",2026-09-03 15:32:20.481375
327,2026-09-03,smartrecruiters_freshworks,FRESHWORKS,Lead Customer Success Engineer,CLOSED,"{""status"": {""from"": ""open"", ""to"": ""closed""}}",2026-09-03 15:32:20.481375
326,2026-09-03,smartrecruiters_freshworks,FRESHWORKS,"Senior Product Marketing Manager, Freshservice",CLOSED,"{""status"": {""from"": ""open"", ""to"": ""closed""}}",2026-09-03 15:32:20.481375
325,2026-09-03,smartrecruiters_freshworks,FRESHWORKS,Lifecycle Marketing Specialist,CLOSED,"{""status"": {""from"": ""open"", ""to"": ""closed""}}",2026-09-03 15:32:20.481375
324,2026-09-03,smartrecruiters_freshworks,FRESHWORKS,Lifecycle Marketing Specialist,CLOSED,"{""status"": {""from"": ""open"", ""to"": ""closed""}}",2026-09-03 15:32:20.481375
323,2026-09-03,smartrecruiters_freshworks,FRESHWORKS,Senior Software Engineer - Full Stack,CLOSED,"{""status"": {""from"": ""open"", ""to"": ""closed""}}",2026-09-03 15:32:20.481375
322,2026-09-03,lever_zeta,ZETA,Financial Analyst,CLOSED,"{""status"": {""from"": ""open"", ""to"": ""closed""}}",2026-09-03 15:32:20.481375
321,2026-09-03,greenhouse_razorpay,RAZORPAY SOFTWARE PRIVATE LIMITED,"Senior Territory Manager, Bank Retail & Direct Enterprise Sales",CLOSED,"{""status"": {""from"": ""open"", ""to"": ""closed""}}",2026-09-03 15:32:20.481375
320,2026-09-03,greenhouse_razorpay,RAZORPAY SOFTWARE PRIVATE LIMITED,"Senior Associate, Learning Business Partner",CLOSED,"{""status"": {""from"": ""open"", ""to"": ""closed""}}",2026-09-03 15:32:20.481375
319,2026-09-03,smartrecruiters_freshworks,FRESHWORKS,"Director, Freshworks Internal Creative Services",NEW,,2026-09-03 15:32:20.481375
318,2026-09-03,smartrecruiters_freshworks,FRESHWORKS,Escalation Manager,NEW,,2026-09-03 15:32:20.481375
317,2026-09-03,smartrecruiters_freshworks,FRESHWORKS,Escalation Manager,NEW,,2026-09-03 15:32:20.481375
316,2026-09-03,smartrecruiters_freshworks,FRESHWORKS,Channel Partner Manager -  DACH (m/f/d),NEW,,2026-09-03 15:32:20.481375
315,2026-09-03,smartrecruiters_freshworks,FRESHWORKS,Channel Partner Manager -  DACH (m/f/d),NEW,,2026-09-03 15:32:20.481375
314,2026-09-03,smartrecruiters_freshworks,FRESHWORKS,Enterprise Account Executive,NEW,,2026-09-03 15:32:20.481375
313,2026-09-03,smartrecruiters_freshworks,FRESHWORKS,Associate Advisory Account Manager,NEW,,2026-09-03 15:32:20.481375
312,2026-09-03,greenhouse_razorpay,RAZORPAY SOFTWARE PRIVATE LIMITED,DevOps Enginer,NEW,,2026-09-03 15:32:20.481375
311,2026-09-03,greenhouse_razorpay,RAZORPAY SOFTWARE PRIVATE LIMITED,"Associate, Startup Accounts",NEW,,2026-09-03 15:32:20.481375
310,2026-09-03,greenhouse_razorpay,RAZORPAY SOFTWARE PRIVATE LIMITED,"Analyst, Risk Management",NEW,,2026-09-03 15:32:20.481375
309,2026-09-03,greenhouse_razorpay,RAZORPAY SOFTWARE PRIVATE LIMITED,AI Engineer (Platform),NEW,,2026-09-03 15:32:20.481375
308,2026-09-02,greenhouse_razorpay,RAZORPAY SOFTWARE PRIVATE LIMITED,"Executive, Finance",CLOSED,"{""status"": {""from"": ""open"", ""to"": ""closed""}}",2026-09-02 15:31:23.130072
307,2026-09-02,smartrecruiters_freshworks,FRESHWORKS,Senior Account Executive - Inside Sales,CLOSED,"{""status"": {""from"": ""open"", ""to"": ""closed""}}",2026-09-02 15:31:23.130072
306,2026-09-02,smartrecruiters_freshworks,FRESHWORKS,Specialist - Content Creation,CLOSED,"{""status"": {""from"": ""open"", ""to"": ""closed""}}",2026-09-02 15:31:23.130072
305,2026-09-02,smartrecruiters_freshworks,FRESHWORKS,"Director, Freshworks Internal Creative Services",CLOSED,"{""status"": {""from"": ""open"", ""to"": ""closed""}}",2026-09-02 15:31:23.130072
304,2026-09-02,smartrecruiters_freshworks,FRESHWORKS,Escalation Manager,CLOSED,"{""status"": {""from"": ""open"", ""to"": ""closed""}}",2026-09-02 15:31:23.130072
303,2026-09-02,smartrecruiters_freshworks,FRESHWORKS,Escalation Manager,CLOSED,"{""status"": {""from"": ""open"", ""to"": ""closed""}}",2026-09-02 15:31:23.130072
302,2026-09-02,smartrecruiters_freshworks,FRESHWORKS,Lead - Data Scientist,CLOSED,"{""status"": {""from"": ""open"", ""to"": ""closed""}}",2026-09-02 15:31:23.130072
301,2026-09-02,smartrecruiters_freshworks,FRESHWORKS,Field Marketing Specialist,CLOSED,"{""status"": {""from"": ""open"", ""to"": ""closed""}}",2026-09-02 15:31:23.130072
300,2026-09-02,smartrecruiters_freshworks,FRESHWORKS,Principal - Solution Engineering(Dutch speaking),CLOSED,"{""status"": {""from"": ""open"", ""to"": ""closed""}}",2026-09-02 15:31:23.130072
299,2026-09-02,smartrecruiters_freshworks,FRESHWORKS,Senior Staff Engineer - Test,CLOSED,"{""status"": {""from"": ""open"", ""to"": ""closed""}}",2026-09-02 15:31:23.130072
298,2026-09-02,greenhouse_razorpay,RAZORPAY SOFTWARE PRIVATE LIMITED,Solutions Engineer,CLOSED,"{""status"": {""from"": ""open"", ""to"": ""closed""}}",2026-09-02 15:31:23.130072
297,2026-09-02,greenhouse_razorpay,RAZORPAY SOFTWARE PRIVATE LIMITED,"Senior Associate, Enterprise Partnerships",CLOSED,"{""status"": {""from"": ""open"", ""to"": ""closed""}}",2026-09-02 15:31:23.130072
296,2026-09-02,smartrecruiters_freshworks,FRESHWORKS,Lead - Business Systems Services,NEW,,2026-09-02 15:31:23.130072
295,2026-09-02,smartrecruiters_freshworks,FRESHWORKS,Business Development Manager,NEW,,2026-09-02 15:31:23.130072
294,2026-09-02,smartrecruiters_freshworks,FRESHWORKS,Lead Customer Success Manager,NEW,,2026-09-02 15:31:23.130072
293,2026-09-02,smartrecruiters_freshworks,FRESHWORKS,Senior Account Manager (Resellers CX - APMEA),NEW,,2026-09-02 15:31:23.130072
292,2026-09-02,smartrecruiters_freshworks,FRESHWORKS,Senior Account Manager (Digital CX - NA),NEW,,2026-09-02 15:31:23.130072
291,2026-09-02,smartrecruiters_freshworks,FRESHWORKS,Business Development Manager,NEW,,2026-09-02 15:31:23.130072
290,2026-09-02,smartrecruiters_freshworks,FRESHWORKS,Senior Software Engineer - Full Stack,NEW,,2026-09-02 15:31:23.130072
289,2026-09-02,smartrecruiters_freshworks,FRESHWORKS,Product Specialist,NEW,,2026-09-02 15:31:23.130072
288,2026-09-02,smartrecruiters_freshworks,FRESHWORKS,Senior Product Specialist,NEW,,2026-09-02 15:31:23.130072
287,2026-09-02,greenhouse_razorpay,RAZORPAY SOFTWARE PRIVATE LIMITED,Senior Product Manager,NEW,,2026-09-02 15:31:23.130072
286,2026-09-02,greenhouse_razorpay,RAZORPAY SOFTWARE PRIVATE LIMITED,Product Manager II - Ads ,NEW,,2026-09-02 15:31:23.130072
285,2026-09-01,greenhouse_razorpay,RAZORPAY SOFTWARE PRIVATE LIMITED,Staff Data Privacy Engineer,CLOSED,"{""status"": {""from"": ""open"", ""to"": ""closed""}}",2026-09-01 15:31:47.324726
284,2026-09-01,greenhouse_razorpay,RAZORPAY SOFTWARE PRIVATE LIMITED,Senior Solutions Consultant,CLOSED,"{""status"": {""from"": ""open"", ""to"": ""closed""}}",2026-09-01 15:31:47.324726
283,2026-09-01,smartrecruiters_freshworks,FRESHWORKS,Lead - Inside Sales,CLOSED,"{""status"": {""from"": ""open"", ""to"": ""closed""}}",2026-09-01 15:31:47.324726
282,2026-09-01,greenhouse_razorpay,RAZORPAY SOFTWARE PRIVATE LIMITED,"Manager, AEO",CLOSED,"{""status"": {""from"": ""open"", ""to"": ""closed""}}",2026-09-01 15:31:47.324726
281,2026-09-01,smartrecruiters_freshworks,FRESHWORKS,Business Development Manager DACH (m/f/d),NEW,,2026-09-01 15:31:47.324726
280,2026-09-01,lever_zeta,ZETA,Sr. Associate / Lead Designer,UPDATED,"{""title"": {""from"": ""Lead Designer"", ""to"": ""Sr. Associate / Lead Designer""}}",2026-09-01 15:31:47.324726
279,2026-09-01,lever_zeta,ZETA,Cloud Network Engineer II,NEW,,2026-09-01 15:31:47.324726
278,2026-09-01,greenhouse_razorpay,RAZORPAY SOFTWARE PRIVATE LIMITED,Senior Software Development Engineer,NEW,,2026-09-01 15:31:47.324726
277,2026-09-01,greenhouse_razorpay,RAZORPAY SOFTWARE PRIVATE LIMITED,"Manager, AEO",NEW,,2026-09-01 15:31:47.324726
276,2026-09-01,greenhouse_razorpay,RAZORPAY SOFTWARE PRIVATE LIMITED,Full Stack Builder,UPDATED,"{""updated_at"": {""from"": ""2026-07-21T02:29:07-04:00"", ""to"": ""2026-09-01T03:39:12-04:00""}}",2026-09-01 15:31:47.324726
275,2026-09-01,greenhouse_razorpay,RAZORPAY SOFTWARE PRIVATE LIMITED,"Executive, Finance",NEW,,2026-09-01 15:31:47.324726
274,2026-08-31,smartrecruiters_freshworks,FRESHWORKS,Specialist - Strategic Sourcing,CLOSED,"{""status"": {""from"": ""open"", ""to"": ""closed""}}",2026-08-31 15:31:28.986565
273,2026-08-31,smartrecruiters_freshworks,FRESHWORKS,Principal Value Engineer,NEW,,2026-08-31 15:31:28.986565
