company_name,title,location,url,first_published,posted,batch_date,status
CRED,copywriter,"Bengaluru, India",https://jobs.lever.co/cred/f846af12-7da9-4737-a0b1-3770c55830fc,2025-11-17T11:37:10Z,2025-11-17,2026-09-24,open
CRED,business development & partnerships,"Bengaluru, India",https://jobs.lever.co/cred/09022710-e79a-4cf0-8060-df0e1cd64263,2026-05-25T17:17:15Z,2026-05-25,2026-08-27,open
CRED,business development & partnerships – commercial lead,"Bengaluru, India",https://jobs.lever.co/cred/b532b595-bc8d-4b51-a2e6-7228ef1cabfc,2026-07-24T11:04:58Z,2026-07-24,2026-09-25,open
CRED,long form content writer/editor,"Bengaluru, India",https://jobs.lever.co/cred/84aa0489-b7e1-4670-bfa9-7a9654197cc3,2026-08-18T13:26:28Z,2026-08-18,2026-08-27,open
CRED,area collections manager chennai- flows,"Tamil Nadu, India",https://jobs.lever.co/cred/af4cc539-ea8b-4405-8067-2d7d729c9759,2026-08-21T10:33:21Z,2026-08-21,2026-08-27,open
CRED,area collections manager hyderabad -flows,"Hyderabad, India",https://jobs.lever.co/cred/8b535f0b-1c68-4982-95b0-91f9edb5945e,2026-08-21T10:29:25Z,2026-08-21,2026-08-27,open
CRED,"area collections manager, pune (recoveries)","Mumbai, India",https://jobs.lever.co/cred/91a5f0f1-b11f-412a-a816-ffc8b08a5617,2026-08-21T10:36:55Z,2026-08-21,2026-08-27,open
CRED,business development & strategic partnerships - d2c,"Bengaluru, India",https://jobs.lever.co/cred/a65bef0e-0f4c-40af-b662-9313f255189e,2026-08-21T06:32:18Z,2026-08-21,2026-08-27,open
CRED,regional collection manager bangalore - flows,"Bengaluru, India",https://jobs.lever.co/cred/e7edcd33-9faa-4e2f-8a87-4a88719f94ec,2026-08-21T10:51:13Z,2026-08-21,2026-08-27,open
CRED,area collections manager bangalore -flows,"Bengaluru, India",https://jobs.lever.co/cred/fa6c100a-0fe0-4892-a8a3-8d2169d5005e,2026-08-24T03:55:04Z,2026-08-24,2026-08-27,open
CRED,lead – on deck payments,"Bengaluru, India",https://jobs.lever.co/cred/aa501081-1787-4617-bfa9-9f4ecaf68f30,2026-08-24T06:44:01Z,2026-08-24,2026-08-27,open
CRED,credit card bill payments growth,"Bengaluru, India",https://jobs.lever.co/cred/b3fdba2a-802c-4e03-b445-5284c5e3c157,2026-09-24T05:23:17Z,2026-09-24,2026-09-25,open
FRESHWORKS,Lead - Solution Engineer,"Boston, US",https://jobs.smartrecruiters.com/Freshworks/744000139157999,2026-07-22T21:12:54.436Z,2026-07-22,2026-09-24,open
FRESHWORKS,Lead - Solution Engineer,"San Mateo, US",https://jobs.smartrecruiters.com/Freshworks/744000139157259,2026-07-22T21:05:39.055Z,2026-07-22,2026-09-24,open
FRESHWORKS,Specialist - Content Creation,"London, UK",https://jobs.smartrecruiters.com/Freshworks/744000140034955,2026-07-27T15:26:55.326Z,2026-07-27,2026-09-23,open
FRESHWORKS,Account Executive - Enterprise ,"Chicago, US",https://jobs.smartrecruiters.com/Freshworks/744000140562379,2026-07-29T22:36:54.592Z,2026-07-29,2026-09-23,open
FRESHWORKS,Account Executive - Enterprise ,"Dallas, US",https://jobs.smartrecruiters.com/Freshworks/744000140562150,2026-07-29T22:35:25.507Z,2026-07-29,2026-09-23,open
FRESHWORKS,Director - GTM Systems Architecture,"San Mateo, US",https://jobs.smartrecruiters.com/Freshworks/744000140558585,2026-07-29T21:54:38.631Z,2026-07-29,2026-09-23,open
FRESHWORKS,Senior Manager - Employee Relations,"San Mateo, US",https://jobs.smartrecruiters.com/Freshworks/744000140744969,2026-07-30T17:26:24.218Z,2026-07-30,2026-08-27,open
FRESHWORKS,Senior Director - Product Design,"Bengaluru, India",https://jobs.smartrecruiters.com/Freshworks/744000140661230,2026-07-30T11:19:40.191Z,2026-07-30,2026-08-27,open
FRESHWORKS,Senior Analyst - Cybersecurity Risk & Compliance,"Chennai, India",https://jobs.smartrecruiters.com/Freshworks/744000140882260,2026-07-31T11:11:44.124Z,2026-07-31,2026-08-27,open
FRESHWORKS,Global Head of Partner Strategy & Operations,"Bellevue, US",https://jobs.smartrecruiters.com/Freshworks/744000141317959,2026-08-03T17:27:21.023Z,2026-08-03,2026-08-27,open
FRESHWORKS,Global Head of Partner Strategy & Operations,"San Mateo, US",https://jobs.smartrecruiters.com/Freshworks/744000141317789,2026-08-03T17:26:36.072Z,2026-08-03,2026-08-27,open
FRESHWORKS,"FP&A Manager, Product & Engineering","San Mateo, US",https://jobs.smartrecruiters.com/Freshworks/744000142011529,2026-08-06T22:51:28.312Z,2026-08-06,2026-08-27,open
FRESHWORKS,Lead - Solution Engineer,"San Mateo, US",https://jobs.smartrecruiters.com/Freshworks/744000141973031,2026-08-06T17:43:29.566Z,2026-08-06,2026-08-27,open
FRESHWORKS,Lead - Vendor Management,"San Mateo, US",https://jobs.smartrecruiters.com/Freshworks/744000141975441,2026-08-06T17:42:25.648Z,2026-08-06,2026-08-27,open
FRESHWORKS,Manager - Services Sourcing,"San Mateo, US",https://jobs.smartrecruiters.com/Freshworks/744000141974320,2026-08-06T17:37:40.221Z,2026-08-06,2026-08-27,open
FRESHWORKS,Lead - Business Systems Services,"Chennai, India",https://jobs.smartrecruiters.com/Freshworks/744000141842029,2026-08-06T05:26:21.850Z,2026-08-06,2026-08-27,open
FRESHWORKS,Senior Business Development Manager,"Bengaluru, India",https://jobs.smartrecruiters.com/Freshworks/744000142103816,2026-08-07T11:14:01.945Z,2026-08-07,2026-08-27,open
FRESHWORKS,Lead Account Executive(Swedish/Finnish/Danish/Norwegian speaking),"London, UK",https://jobs.smartrecruiters.com/Freshworks/744000142693139,2026-08-10T16:25:57.541Z,2026-08-10,2026-08-27,open
FRESHWORKS,Account Executive - Mid Market,"San Mateo, US",https://jobs.smartrecruiters.com/Freshworks/744000142979079,2026-08-11T21:29:18.218Z,2026-08-11,2026-08-27,open
FRESHWORKS,Solution Architect,"Chennai, India",https://jobs.smartrecruiters.com/Freshworks/744000142843669,2026-08-11T10:35:50.018Z,2026-08-11,2026-08-27,open
FRESHWORKS,Channel Sales Manager - UK,"London, UK",https://jobs.smartrecruiters.com/Freshworks/744000143763123,2026-08-17T07:52:10.829Z,2026-08-17,2026-08-27,open
FRESHWORKS,Lead - Data Platform Engineering,"Chennai, India",https://jobs.smartrecruiters.com/Freshworks/744000143743519,2026-08-17T05:35:09.760Z,2026-08-17,2026-08-27,open
FRESHWORKS,Account Executive - Enterprise (SLED),"Austin, US",https://jobs.smartrecruiters.com/Freshworks/744000144138769,2026-08-18T17:41:49.623Z,2026-08-18,2026-08-27,open
FRESHWORKS,Account Executive - Enterprise (SLED),"Chicago, US",https://jobs.smartrecruiters.com/Freshworks/744000144138719,2026-08-18T17:41:28.816Z,2026-08-18,2026-08-27,open
FRESHWORKS,Account Executive - Enterprise (SLED),"Dallas, US",https://jobs.smartrecruiters.com/Freshworks/744000144138279,2026-08-18T17:39:03.693Z,2026-08-18,2026-08-27,open
FRESHWORKS,Staff Program Manager - Voice of the Customer Programs,"San Mateo, US",https://jobs.smartrecruiters.com/Freshworks/744000144407189,2026-08-19T21:00:46.831Z,2026-08-19,2026-08-27,open
FRESHWORKS,Deal Desk Strategy Manager,"San Mateo, US",https://jobs.smartrecruiters.com/Freshworks/744000144399138,2026-08-19T19:59:14.683Z,2026-08-19,2026-08-27,open
FRESHWORKS,Senior Corporate PR Manager,"San Mateo, US",https://jobs.smartrecruiters.com/Freshworks/744000144352309,2026-08-19T15:26:27.042Z,2026-08-19,2026-08-27,open
FRESHWORKS,Senior Account Executive - Austria & Switzerland (m/f/d),"Berlin, Germany",https://jobs.smartrecruiters.com/Freshworks/744000144621389,2026-08-20T19:11:27.981Z,2026-08-20,2026-08-27,open
FRESHWORKS,Deal Desk Strategist ,"Chennai, India",https://jobs.smartrecruiters.com/Freshworks/744000144466115,2026-08-20T06:51:19.692Z,2026-08-20,2026-08-27,open
FRESHWORKS,Lead Software Engineer - Systems,"Chennai, India",https://jobs.smartrecruiters.com/Freshworks/744000144463069,2026-08-20T06:06:25.262Z,2026-08-20,2026-08-27,open
FRESHWORKS,Lead - Solutions Engineer (Verticals),"New York, US",https://jobs.smartrecruiters.com/Freshworks/744000144796860,2026-08-21T15:54:30.110Z,2026-08-21,2026-08-27,open
FRESHWORKS,Lead - Solutions Engineer (Verticals),"Miami, US",https://jobs.smartrecruiters.com/Freshworks/744000144800209,2026-08-21T15:53:03.771Z,2026-08-21,2026-08-27,open
FRESHWORKS,Lead - Solutions Engineer (Verticals),"Washington, US",https://jobs.smartrecruiters.com/Freshworks/744000144799404,2026-08-21T15:52:28.679Z,2026-08-21,2026-08-27,open
FRESHWORKS,Lead - Solutions Engineer (Verticals),"Atlanta, US",https://jobs.smartrecruiters.com/Freshworks/744000144799909,2026-08-21T15:51:49.149Z,2026-08-21,2026-08-27,open
FRESHWORKS,Lead - Solutions Engineer (Verticals),"Raleigh, US",https://jobs.smartrecruiters.com/Freshworks/744000144799709,2026-08-21T15:51:04.151Z,2026-08-21,2026-08-27,open
FRESHWORKS,Lead - Solutions Engineer (Verticals),"Boston, US",https://jobs.smartrecruiters.com/Freshworks/744000144794750,2026-08-21T15:35:41.777Z,2026-08-21,2026-08-27,open
FRESHWORKS,Deal Desk Strategy Manager,"London, UK",https://jobs.smartrecruiters.com/Freshworks/744000144771319,2026-08-21T13:44:29.929Z,2026-08-21,2026-08-27,open
FRESHWORKS,Senior Value Engineer,"London, UK",https://jobs.smartrecruiters.com/Freshworks/744000144766379,2026-08-21T13:22:36.204Z,2026-08-21,2026-08-27,open
FRESHWORKS,Senior Analyst - Cybersecurity,"Chennai, India",https://jobs.smartrecruiters.com/Freshworks/744000144728625,2026-08-21T09:50:24.119Z,2026-08-21,2026-08-27,open
FRESHWORKS,"GTM Engineer, Revenue Operations ","San Mateo, US",https://jobs.smartrecruiters.com/Freshworks/744000145601274,2026-08-25T20:51:17.958Z,2026-08-25,2026-08-27,open
FRESHWORKS,Lead - Solution Engineer,"Bengaluru, India",https://jobs.smartrecruiters.com/Freshworks/744000145469919,2026-08-25T09:46:37.286Z,2026-08-25,2026-08-27,open
FRESHWORKS,Lead - Solution Engineer,"Chennai, India",https://jobs.smartrecruiters.com/Freshworks/744000145469389,2026-08-25T09:44:57.821Z,2026-08-25,2026-08-27,open
FRESHWORKS,Senior Director - Business Execution,"San Mateo, US",https://jobs.smartrecruiters.com/Freshworks/744000145381189,2026-08-25T00:11:01.485Z,2026-08-25,2026-08-27,open
FRESHWORKS,Vice President - Corporate Communications,"San Mateo, US",https://jobs.smartrecruiters.com/Freshworks/744000145753155,2026-08-26T14:04:50.020Z,2026-08-26,2026-08-27,open
FRESHWORKS,Lead - Solution Engineer,"Bengaluru, India",https://jobs.smartrecruiters.com/Freshworks/744000145701049,2026-08-26T09:52:00.496Z,2026-08-26,2026-08-27,open
FRESHWORKS,Lead - Solution Engineer,"Chennai, India",https://jobs.smartrecruiters.com/Freshworks/744000145700849,2026-08-26T09:51:19.430Z,2026-08-26,2026-08-27,open
FRESHWORKS,"Senior Manager, Corporate Strategy","San Mateo, US",https://jobs.smartrecruiters.com/Freshworks/744000146265104,2026-08-28T21:59:16.662Z,2026-08-28,2026-08-29,open
FRESHWORKS,Business Development Manager DACH (m/f/d),"Berlin, Germany",https://jobs.smartrecruiters.com/Freshworks/744000146642558,2026-09-01T07:47:41.233Z,2026-09-01,2026-09-01,open
FRESHWORKS,Business Development Manager,"San Mateo, US",https://jobs.smartrecruiters.com/Freshworks/744000146828099,2026-09-01T21:57:52.718Z,2026-09-01,2026-09-02,open
FRESHWORKS,Business Development Manager,"London, UK",https://jobs.smartrecruiters.com/Freshworks/744000146929149,2026-09-02T08:51:51.682Z,2026-09-02,2026-09-02,open
FRESHWORKS,Enterprise Account Executive,"San Mateo, US",https://jobs.smartrecruiters.com/Freshworks/744000147081454,2026-09-02T20:57:38.628Z,2026-09-02,2026-09-03,open
FRESHWORKS,Channel Partner Manager -  DACH (m/f/d),"London, UK",https://jobs.smartrecruiters.com/Freshworks/744000147039527,2026-09-02T16:19:06.068Z,2026-09-02,2026-09-03,open
FRESHWORKS,Channel Partner Manager -  DACH (m/f/d),"Berlin, Germany",https://jobs.smartrecruiters.com/Freshworks/744000147038679,2026-09-02T16:14:54.537Z,2026-09-02,2026-09-03,open
FRESHWORKS,"Director, Integrated Marketing","San Mateo, US",https://jobs.smartrecruiters.com/Freshworks/744000147332669,2026-09-03T18:28:30.560Z,2026-09-03,2026-09-04,open
FRESHWORKS,"Senior Director, Engineering - AI Studio (CX & EX)","Chennai, India",https://jobs.smartrecruiters.com/Freshworks/744000147296104,2026-09-03T16:01:56.921Z,2026-09-03,2026-09-04,open
FRESHWORKS,Lead Account Executive (Spanish speaking),"Paris, France",https://jobs.smartrecruiters.com/Freshworks/744000147960049,2026-09-07T14:50:07.429Z,2026-09-07,2026-09-07,open
FRESHWORKS,Lead - Product Marketing,"Chennai, India",https://jobs.smartrecruiters.com/Freshworks/744000147910359,2026-09-07T11:20:02.307Z,2026-09-07,2026-09-07,open
FRESHWORKS,Channel Partner Manager - France & Nordics,"Paris, France",https://jobs.smartrecruiters.com/Freshworks/744000147982299,2026-09-07T19:21:18.720Z,2026-09-07,2026-09-08,open
FRESHWORKS,Enterprise Sales Director UKI,"London, UK",https://jobs.smartrecruiters.com/Freshworks/744000148213540,2026-09-08T11:50:01.037Z,2026-09-08,2026-09-08,open
FRESHWORKS,"Technical Product Marketing Manager, AI","San Mateo, US",https://jobs.smartrecruiters.com/Freshworks/744000148525215,2026-09-09T14:38:30.798Z,2026-09-09,2026-09-09,open
FRESHWORKS,"Product Marketing Manager, Freshservice Platform","Boston, US",https://jobs.smartrecruiters.com/Freshworks/744000148527409,2026-09-09T14:37:26.051Z,2026-09-09,2026-09-09,open
FRESHWORKS,"Technical Product Marketing Manager, AI","Boston, US",https://jobs.smartrecruiters.com/Freshworks/744000148522779,2026-09-09T14:23:45.018Z,2026-09-09,2026-09-09,open
FRESHWORKS,Account Manager - Mid Market,"San Mateo, US",https://jobs.smartrecruiters.com/Freshworks/744000148568490,2026-09-09T16:55:05.527Z,2026-09-09,2026-09-10,open
FRESHWORKS,"Product Marketing Manager, Freshservice Platform","San Mateo, US",https://jobs.smartrecruiters.com/Freshworks/744000149032301,2026-09-11T14:04:08.276Z,2026-09-11,2026-09-11,open
FRESHWORKS,Manager - Business Development (m/f/d),"Berlin, Germany",https://jobs.smartrecruiters.com/Freshworks/744000149033979,2026-09-11T14:03:08.487Z,2026-09-11,2026-09-11,open
FRESHWORKS,Account Management,Singapore,https://jobs.smartrecruiters.com/Freshworks/744000148919359,2026-09-11T03:45:33.930Z,2026-09-11,2026-09-11,open
FRESHWORKS,"Senior Director, People Analytics and Workforce Planning","San Mateo, US",https://jobs.smartrecruiters.com/Freshworks/744000148884819,2026-09-11T00:58:12.547Z,2026-09-11,2026-09-11,open
FRESHWORKS,Lead - Product Designer,"Bengaluru, India",https://jobs.smartrecruiters.com/Freshworks/744000149242464,2026-09-14T06:29:48.343Z,2026-09-14,2026-09-14,open
FRESHWORKS,Lead - Business Analyst (EX SMB),"Chennai, India",https://jobs.smartrecruiters.com/Freshworks/744000149615459,2026-09-15T14:02:22.251Z,2026-09-15,2026-09-15,open
FRESHWORKS,Senior Manager - Events,"San Mateo, US",https://jobs.smartrecruiters.com/Freshworks/744000149594042,2026-09-15T13:04:36.945Z,2026-09-15,2026-09-15,open
FRESHWORKS,Customer Success Manager — Key & Enterprise,"Boston, US",https://jobs.smartrecruiters.com/Freshworks/744000149926757,2026-09-16T17:25:26.014Z,2026-09-16,2026-09-17,open
FRESHWORKS,Senior Account Manager (EX Top Tier - North America),"Bengaluru, India",https://jobs.smartrecruiters.com/Freshworks/744000149886340,2026-09-16T14:36:35.150Z,2026-09-16,2026-09-17,open
FRESHWORKS,Director - Global Talent Management,"San Mateo, US",https://jobs.smartrecruiters.com/Freshworks/744000149736389,2026-09-16T00:23:29.688Z,2026-09-16,2026-09-17,open
FRESHWORKS,Lead - Account Manager,"London, UK",https://jobs.smartrecruiters.com/Freshworks/744000150125035,2026-09-17T14:30:26.742Z,2026-09-17,2026-09-18,open
FRESHWORKS,Principal - Solution Engineering,"Bengaluru, India",https://jobs.smartrecruiters.com/Freshworks/744000150067891,2026-09-17T10:28:33.051Z,2026-09-17,2026-09-18,open
FRESHWORKS,Principal - Solution Engineering,"Chennai, India",https://jobs.smartrecruiters.com/Freshworks/744000150068499,2026-09-17T10:28:08.155Z,2026-09-17,2026-09-18,open
FRESHWORKS,Account Executive - Mid Market ,"San Mateo, US",https://jobs.smartrecruiters.com/Freshworks/744000149999889,2026-09-17T02:21:03.517Z,2026-09-17,2026-09-18,open
FRESHWORKS,"Senior Director, Sales – North America Verticals","Boston, US",https://jobs.smartrecruiters.com/Freshworks/744000150201754,2026-09-17T19:28:04.651Z,2026-09-17,2026-09-19,open
FRESHWORKS,"Senior Director, Sales – North America Verticals","San Mateo, US",https://jobs.smartrecruiters.com/Freshworks/744000150200430,2026-09-17T19:27:17.529Z,2026-09-17,2026-09-19,open
FRESHWORKS,Creative Director,"San Mateo, US",https://jobs.smartrecruiters.com/Freshworks/744000150405149,2026-09-18T15:19:32.097Z,2026-09-18,2026-09-19,open
FRESHWORKS,Technical Curriculum Developer,"San Mateo, US",https://jobs.smartrecruiters.com/Freshworks/744000150461415,2026-09-18T21:36:20.577Z,2026-09-18,2026-09-20,open
FRESHWORKS,Technical Curriculum Developer,"Boston, US",https://jobs.smartrecruiters.com/Freshworks/744000150458940,2026-09-18T21:25:39.651Z,2026-09-18,2026-09-20,open
FRESHWORKS,Lead - Channel Sales,"Chennai, India",https://jobs.smartrecruiters.com/Freshworks/744000150734645,2026-09-21T15:43:18.381Z,2026-09-21,2026-09-22,open
FRESHWORKS,Lead - Channel Sales,Singapore,https://jobs.smartrecruiters.com/Freshworks/744000150734040,2026-09-21T15:38:51.885Z,2026-09-21,2026-09-22,open
FRESHWORKS,Lead Software Engineer - Full Stack,"Chennai, India",https://jobs.smartrecruiters.com/Freshworks/744000150608630,2026-09-21T07:10:07.304Z,2026-09-21,2026-09-22,open
FRESHWORKS,Enterprise Account Manager,"London, UK",https://jobs.smartrecruiters.com/Freshworks/744000151038759,2026-09-22T13:29:16.526Z,2026-09-22,2026-09-23,open
FRESHWORKS,Senior Staff Engineer - Systems,"Chennai, India",https://jobs.smartrecruiters.com/Freshworks/744000150937764,2026-09-22T06:23:34.756Z,2026-09-22,2026-09-23,open
FRESHWORKS,Staff Product Manager,"Bengaluru, India",https://jobs.smartrecruiters.com/Freshworks/744000150936730,2026-09-22T06:19:09.418Z,2026-09-22,2026-09-23,open
FRESHWORKS,Principal Engineer - Systems,"Hyderabad, India",https://jobs.smartrecruiters.com/Freshworks/744000151400943,2026-09-23T14:37:38.747Z,2026-09-23,2026-09-24,open
FRESHWORKS,Lead - Solution Engineer(Dutch/Swedish speaking),"London, UK",https://jobs.smartrecruiters.com/Freshworks/744000151396629,2026-09-23T14:12:34.686Z,2026-09-23,2026-09-24,open
FRESHWORKS,Senior Staff Engineer - Systems,"Hyderabad, India",https://jobs.smartrecruiters.com/Freshworks/744000151337499,2026-09-23T09:43:05.060Z,2026-09-23,2026-09-24,open
FRESHWORKS,"Senior Solution Architect, Professional Services","Boston, US",https://jobs.smartrecruiters.com/Freshworks/744000151674109,2026-09-24T17:21:35.052Z,2026-09-24,2026-09-25,open
FRESHWORKS,"Senior Solution Architect, Professional Services","San Mateo, US",https://jobs.smartrecruiters.com/Freshworks/744000151673419,2026-09-24T17:17:23.361Z,2026-09-24,2026-09-25,open
FRESHWORKS,Social Media Marketing Manager,"San Mateo, US",https://jobs.smartrecruiters.com/Freshworks/744000151650154,2026-09-24T15:16:57.082Z,2026-09-24,2026-09-25,open
FRESHWORKS,Director - Demand Generation,"San Mateo, US",https://jobs.smartrecruiters.com/Freshworks/744000151641159,2026-09-24T14:43:35.459Z,2026-09-24,2026-09-25,open
FRESHWORKS,Director - Demand Generation,"Boston, US",https://jobs.smartrecruiters.com/Freshworks/744000151639802,2026-09-24T14:41:44.579Z,2026-09-24,2026-09-25,open
FRESHWORKS,Lead - Program Management,"San Mateo, US",https://jobs.smartrecruiters.com/Freshworks/744000151905570,2026-09-25T17:24:12.734Z,2026-09-25,2026-09-26,open
FRESHWORKS,Lead - Solution Engineer,Singapore,https://jobs.smartrecruiters.com/Freshworks/744000151805094,2026-09-25T09:44:53.811Z,2026-09-25,2026-09-26,open
FRESHWORKS,Lead Software Engineer - Site Reliability,"Hyderabad, India",https://jobs.smartrecruiters.com/Freshworks/744000151772990,2026-09-25T07:15:59.566Z,2026-09-25,2026-09-26,open
RAZORPAY SOFTWARE PRIVATE LIMITED,Technical Account Manager,Malaysia,https://job-boards.greenhouse.io/razorpaysoftwareprivatelimited/jobs/4651045005,2026-01-19T21:05:10-05:00,2026-01-20,2026-08-27,open
RAZORPAY SOFTWARE PRIVATE LIMITED,Engineering Manager ,"Bengaluru, India",https://job-boards.greenhouse.io/razorpaysoftwareprivatelimited/jobs/4697514005,2026-05-27T02:42:44-04:00,2026-05-27,2026-09-21,open
RAZORPAY SOFTWARE PRIVATE LIMITED,"Senior Manager, Sales",Singapore,https://job-boards.greenhouse.io/razorpaysoftwareprivatelimited/jobs/4709725005,2026-06-26T06:07:59-04:00,2026-06-26,2026-09-10,open
RAZORPAY SOFTWARE PRIVATE LIMITED,Product Manager II - AI ,"Bengaluru, India",https://job-boards.greenhouse.io/razorpaysoftwareprivatelimited/jobs/4699107005,2026-06-30T04:40:56-04:00,2026-06-30,2026-09-23,open
RAZORPAY SOFTWARE PRIVATE LIMITED,"Manager, Affordability","Bengaluru, India",https://job-boards.greenhouse.io/razorpaysoftwareprivatelimited/jobs/4715361005,2026-07-17T05:30:52-04:00,2026-07-17,2026-08-27,open
RAZORPAY SOFTWARE PRIVATE LIMITED,Solutions Consultant,Malaysia,https://job-boards.greenhouse.io/razorpaysoftwareprivatelimited/jobs/4721391005,2026-08-06T02:20:46-04:00,2026-08-06,2026-08-27,open
RAZORPAY SOFTWARE PRIVATE LIMITED,"Associate Manager, Startup Accounts","Bengaluru, India",https://job-boards.greenhouse.io/razorpaysoftwareprivatelimited/jobs/4723737005,2026-08-13T02:01:22-04:00,2026-08-13,2026-08-27,open
RAZORPAY SOFTWARE PRIVATE LIMITED,"Manager, Banking Alliances","Bengaluru, India",https://job-boards.greenhouse.io/razorpaysoftwareprivatelimited/jobs/4727238005,2026-08-26T05:36:49-04:00,2026-08-26,2026-08-27,open
RAZORPAY SOFTWARE PRIVATE LIMITED,Senior Solutions Consultant,"Bengaluru, India",https://job-boards.greenhouse.io/razorpaysoftwareprivatelimited/jobs/4729051005,2026-08-31T04:41:28-04:00,2026-08-31,2026-09-22,open
RAZORPAY SOFTWARE PRIVATE LIMITED,"Executive, Finance","Bengaluru, India",https://job-boards.greenhouse.io/razorpaysoftwareprivatelimited/jobs/4727722005,2026-09-01T01:59:19-04:00,2026-09-01,2026-09-26,open
RAZORPAY SOFTWARE PRIVATE LIMITED,"Manager, AEO","Bengaluru, India",https://job-boards.greenhouse.io/razorpaysoftwareprivatelimited/jobs/4719411005,2026-09-01T02:49:18-04:00,2026-09-01,2026-09-01,open
RAZORPAY SOFTWARE PRIVATE LIMITED,Product Manager II - Ads ,"Bengaluru, India",https://job-boards.greenhouse.io/razorpaysoftwareprivatelimited/jobs/4729533005,2026-09-01T12:10:49-04:00,2026-09-01,2026-09-07,open
RAZORPAY SOFTWARE PRIVATE LIMITED,DevOps Enginer,Malaysia,https://job-boards.greenhouse.io/razorpaysoftwareprivatelimited/jobs/4730552005,2026-09-03T05:17:10-04:00,2026-09-03,2026-09-03,open
RAZORPAY SOFTWARE PRIVATE LIMITED,"Analyst, Business Operations","Bengaluru, India",https://job-boards.greenhouse.io/razorpaysoftwareprivatelimited/jobs/4731043005,2026-09-04T05:02:55-04:00,2026-09-04,2026-09-25,open
RAZORPAY SOFTWARE PRIVATE LIMITED,"Associate, Learning Business Partner","Bengaluru, India",https://job-boards.greenhouse.io/razorpaysoftwareprivatelimited/jobs/4729937005,2026-09-04T07:47:36-04:00,2026-09-04,2026-09-08,open
RAZORPAY SOFTWARE PRIVATE LIMITED,"Executive, Finance","Bengaluru, India",https://job-boards.greenhouse.io/razorpaysoftwareprivatelimited/jobs/4731606005,2026-09-08T10:25:42-04:00,2026-09-08,2026-09-22,open
RAZORPAY SOFTWARE PRIVATE LIMITED,"Senior Executive, Finance","Bengaluru, India",https://job-boards.greenhouse.io/razorpaysoftwareprivatelimited/jobs/4731060005,2026-09-09T05:55:43-04:00,2026-09-09,2026-09-09,open
RAZORPAY SOFTWARE PRIVATE LIMITED,"Senior Analyst, Group Compliance",Gandhinagar,https://job-boards.greenhouse.io/razorpaysoftwareprivatelimited/jobs/4731620005,2026-09-11T03:11:58-04:00,2026-09-11,2026-09-19,open
RAZORPAY SOFTWARE PRIVATE LIMITED,"Manager, Enterprise Partnership","Mumbai, India",https://job-boards.greenhouse.io/razorpaysoftwareprivatelimited/jobs/4733878005,2026-09-15T04:49:51-04:00,2026-09-15,2026-09-26,open
RAZORPAY SOFTWARE PRIVATE LIMITED,"Associate Manager, HRBP","Bengaluru, India",https://job-boards.greenhouse.io/razorpaysoftwareprivatelimited/jobs/4735389005,2026-09-19T02:48:13-04:00,2026-09-19,2026-09-26,open
RAZORPAY SOFTWARE PRIVATE LIMITED,"Associate Manager, Mid Market Sales","Bengaluru, India",https://job-boards.greenhouse.io/razorpaysoftwareprivatelimited/jobs/4736141005,2026-09-21T02:32:37-04:00,2026-09-21,2026-09-26,open
RAZORPAY SOFTWARE PRIVATE LIMITED,"Associate, Mid Market Sales","Bengaluru, India",https://job-boards.greenhouse.io/razorpaysoftwareprivatelimited/jobs/4736136005,2026-09-21T02:21:22-04:00,2026-09-21,2026-09-22,open
RAZORPAY SOFTWARE PRIVATE LIMITED,"Senior Territory Manager, Bank Retail & Direct Enterprise Sales","Chennai, India",https://job-boards.greenhouse.io/razorpaysoftwareprivatelimited/jobs/4736132005,2026-09-21T06:10:45-04:00,2026-09-21,2026-09-23,open
RAZORPAY SOFTWARE PRIVATE LIMITED,"Senior Manager, Social Media Marketing","Bengaluru, India",https://job-boards.greenhouse.io/razorpaysoftwareprivatelimited/jobs/4737535005,2026-09-24T07:53:05-04:00,2026-09-24,2026-09-25,open
RAZORPAY SOFTWARE PRIVATE LIMITED,Site Reliability Engineer,"Bengaluru, India",https://job-boards.greenhouse.io/razorpaysoftwareprivatelimited/jobs/4723040005,2026-09-24T11:03:10-04:00,2026-09-24,2026-09-25,open
ZETA,Lead / Manager Data Reliability Engineering,"Hyderabad, India",https://jobs.lever.co/zeta/32ea9654-98a8-445b-98ef-e6ada520d35a,2025-08-26T06:52:30Z,2025-08-26,2026-08-27,open
ZETA,Manager - Accounts,"Mumbai, India",https://jobs.lever.co/zeta/2d533970-99a7-444b-b410-39921d0c96f7,2026-05-12T13:15:12Z,2026-05-12,2026-08-27,open
ZETA,Vice President - Sales & Business Development,US,https://jobs.lever.co/zeta/7c0e0301-f6e0-4092-980d-7e7ec3b566f1,2026-05-29T12:16:52Z,2026-05-29,2026-08-27,open
ZETA,Corporate Risk and Compliance - Associate II,"Bengaluru, India",https://jobs.lever.co/zeta/f43a76bd-ec4e-4b4b-a331-93d5d85434a5,2026-07-01T10:18:07Z,2026-07-01,2026-08-27,open
ZETA,Specialist / Manager – People Tech & Transformation,"Mumbai, India",https://jobs.lever.co/zeta/2f14b7a2-da7f-42e6-a9d5-72438e23f419,2026-07-10T06:39:13Z,2026-07-10,2026-08-27,open
ZETA,"Director – Enterprise Applications, Integration, AI & IT Infrastructure","Bengaluru, India",https://jobs.lever.co/zeta/500c585f-65ba-4f6a-b515-7d73680038c3,2026-07-17T10:55:13Z,2026-07-17,2026-09-26,open
ZETA,Product Security Engineer II,"Hyderabad, India",https://jobs.lever.co/zeta/e21ca17d-7bf2-4781-94bb-bcfc8943aae0,2026-07-21T11:10:26Z,2026-07-21,2026-08-27,open
ZETA,Lead Site Reliability Engineer,"Hyderabad, India",https://jobs.lever.co/zeta/5eb7a75b-312c-4759-8813-70e67b5d4109,2026-07-22T06:12:11Z,2026-07-22,2026-08-27,open
ZETA,Lead Site Reliability Engineer,"Hyderabad, India",https://jobs.lever.co/zeta/803792f5-0e9c-45bc-82ce-c0a552ce0cf8,2026-07-22T05:59:13Z,2026-07-22,2026-08-27,open
ZETA,SIEM & SecOps Engineer II,"Hyderabad, India",https://jobs.lever.co/zeta/f140e9d7-8d0c-4e24-bace-8568385b6f5c,2026-07-24T14:43:33Z,2026-07-24,2026-08-27,open
ZETA,Associate Director - Legal,"Mumbai, India",https://jobs.lever.co/zeta/892ad297-ed0e-4f9c-98b8-fd30358a5517,2026-07-27T10:43:37Z,2026-07-27,2026-09-08,open
ZETA,Specialist - People Partner,"Bengaluru, India",https://jobs.lever.co/zeta/ecd7a54f-218c-47a0-8379-aeb272c35bcb,2026-08-05T12:53:16Z,2026-08-05,2026-08-27,open
ZETA,Specialist Total Rewards,"Bengaluru, India",https://jobs.lever.co/zeta/b099e4fe-87cf-44ad-89b6-21edfe60958b,2026-08-05T12:40:57Z,2026-08-05,2026-08-27,open
ZETA,Executive - IT Support,"Mumbai, India",https://jobs.lever.co/zeta/aa98c726-9336-4d99-be08-20050eaf309c,2026-08-13T12:23:28Z,2026-08-13,2026-08-27,open
ZETA,Cloud Network Engineer II,"Hyderabad, India",https://jobs.lever.co/zeta/dad16204-8051-4517-9e50-966f329045b5,2026-08-26T08:13:46Z,2026-08-26,2026-09-01,open
ZETA,Associate / Sr. Associate- People Experience,"Bengaluru, India",https://jobs.lever.co/zeta/42c3b097-4b5c-48b6-83f6-04f09f1cab56,2026-09-03T08:56:53Z,2026-09-03,2026-09-22,open
ZETA,Executive Assistant/Senior Executive Assistant,"Mumbai, India",https://jobs.lever.co/zeta/db110756-b496-49a2-bde5-49ab46e963b8,2026-09-09T11:14:05Z,2026-09-09,2026-09-23,open
ZETA,Director - Solution Engineering,East Coast,https://jobs.lever.co/zeta/fe9b2558-10da-4a2c-907f-0dee2a1d76be,2026-09-10T11:16:23Z,2026-09-10,2026-09-11,open
ZETA,Director - Strategy & Operations,"Bengaluru, India",https://jobs.lever.co/zeta/8b83fe6a-ec31-4532-9738-bb753d9d9ad7,2026-09-17T12:50:56Z,2026-09-17,2026-09-18,open
ZETA,Product Manager I,"Bengaluru, India",https://jobs.lever.co/zeta/8623c195-f912-4d87-952f-7114cd258413,2026-09-18T13:08:39Z,2026-09-18,2026-09-19,open
ZETA,Product Manager II,"Bengaluru, India",https://jobs.lever.co/zeta/dbefd5b1-cc6a-4fe6-86d8-89800acee903,2026-09-18T13:05:43Z,2026-09-18,2026-09-19,open
ZETA,Executive Assistant,"Bengaluru, India",https://jobs.lever.co/zeta/66fc10b7-8b22-4cf2-8d9a-557f9d517bbc,2026-09-23T11:39:38Z,2026-09-23,2026-09-24,open
